label,parent,length,radius,name,centroidX,centroidY,centroidZ,directionX,directionY,directionZ
1,0,0.764764,0.722113,Trachea,16.7505,10.7091,18.7544,-0.0971527,-0.218368,-0.971018
2,1,3.48731,0.75936,RMB,16.4257,10.3611,16.6838,-0.16497,-0.151693,-0.974564
3,1,5.84635,0.521921,LMB,16.9174,11.1128,15.5081,0.0698382,0.166668,-0.983537
4,2,2.24842,0.366856,CrRMB,15.5394,9.48414,14.2562,-0.532463,-0.544791,-0.647832
5,2,2.56214,0.615567,RMB,15.8271,10.0641,13.7421,-0.242688,-0.0253301,-0.969774
6,3,1.63857,0.352148,,17.8408,11.8923,12.3712,0.877839,0.356774,-0.319547
7,3,1.63569,0.667831,LMB,17.0242,12.064,11.9666,-0.119093,0.567344,-0.814824
8,4,0.0227897,0.403512,CrRMB,14.9362,8.8624,13.5231,-0.403695,-0.81442,-0.416835
9,4,0.543916,0.244332,,14.7088,8.99696,13.5945,-0.853072,0.460659,0.245074
10,5,0.184548,0.614815,RMB,15.4605,9.96209,12.476,-0.603636,-0.754386,-0.257927
11,5,2.10915,0.44476,AcRMB,15.5719,10.1431,11.4526,0.0528173,0.105588,-0.993006
12,6,0.0801207,0.349815,,18.5971,12.1892,12.0951,0.92736,0.116078,-0.355708
13,6,0.763216,0.197533,,18.4579,12.5512,12.0809,-0.26742,0.960671,-0.0748141
14,7,0.848188,0.269074,,16.8386,12.9224,11.4288,-0.207972,0.929983,0.303116
15,7,0.322032,0.609924,LMB,16.9314,12.6023,11.1574,0.0285718,0.461135,-0.88687
16,8,1.16252,0.275534,,15.1125,8.31952,13.6612,0.311307,-0.918005,0.245673
17,8,1.0772,0.33902,CrRMB,14.6021,8.50976,13.2661,-0.611679,-0.637506,-0.468438
18,9,0.279996,0.154937,,14.3608,9.10368,13.7373,-0.828585,-0.132573,0.54394
19,9,0.562882,0.120703,,14.398,9.39136,13.6374,-0.280164,0.95622,-0.0845644
20,10,2.2187,0.465187,MiRMB,15.6044,8.99696,11.8286,0.17988,-0.807249,-0.562132
21,10,2.21645,0.589018,CaRMB,14.6346,10.027,11.6668,-0.694984,0.121419,-0.708699
22,11,1.09051,0.2317,,15.326,10.3751,9.96747,-0.553137,0.221273,-0.803167
23,11,0.965763,0.352531,AcRMB,15.6972,10.1755,9.93412,0.144135,-0.163395,-0.975975
24,12,0.855741,0.203763,,19.0008,12.2218,12.2998,0.856683,0.0650901,0.51172
25,12,0.571289,0.269386,,18.8431,12.2357,11.8905,0.730979,0.14616,-0.666563
26,13,0.280908,0.122295,,18.328,13.0292,12.1333,-0.198287,0.792787,0.576344
27,13,0.384881,0.121814,,18.4347,13.0802,11.9857,0.409736,0.843898,-0.346343
28,14,0.362927,0.126355,,16.5788,13.3725,11.5763,-0.945919,0.306947,0.10498
29,14,0.254216,0.169126,,16.8061,13.4096,11.4906,0.438204,0.730088,-0.524356
30,15,1.48863,0.54227,LMB,16.602,12.9641,10.4149,-0.448801,0.386461,-0.805745
31,15,0.952481,0.382212,,17.2423,12.7229,10.6528,0.643057,0.0974299,-0.759596
32,16,0.390407,0.23761,,15.3167,7.73024,13.9896,0.118851,-0.285241,0.951058
33,16,1.11931,0.208944,,15.4837,7.27552,13.6755,0.33994,-0.911988,-0.229605
34,17,0.453514,0.306057,CrRMB,14.1242,8.0272,12.9138,-0.654885,-0.613872,-0.440779
35,17,0.396201,0.234043,,14.2587,8.32416,12.8948,-0.0704205,0.796364,-0.600705
36,18,0.37555,0.105283,,14.3144,9.15008,13.9754,0.370657,0.345946,0.861936
37,18,0.438434,0.119056,,14.0406,9.0248,13.8658,-0.931268,-0.275161,0.238803
38,19,0.147026,0.125739,,14.3609,9.7208,13.6089,0.567926,0.82054,-0.0646113
39,19,0.695538,0.0888225,,14.0129,9.81824,13.566,-0.880614,0.453635,-0.136872
40,20,0.718258,0.270931,,15.5672,7.92512,11.0003,-0.658955,-0.490966,-0.569851
41,20,0.762206,0.348781,MiRMB,15.9802,7.79984,11.0527,0.462604,-0.791387,-0.399629
42,21,0.913692,0.313156,,13.4978,10.324,11.1003,-0.802459,0.35548,0.479264
43,21,1.03782,0.57755,CaRMB,13.5581,10.0224,10.4863,-0.590177,-0.268254,-0.761401
44,22,0.316472,0.112627,,14.8991,10.57,9.59139,-0.791855,0.469238,0.390873
45,22,0.370354,0.146305,,14.9548,10.505,9.35819,-0.375857,0.0499531,-0.92533
46,23,0.542595,0.242511,,15.8225,9.83214,9.48664,0.205126,-0.974796,0.0877262
47,23,0.580925,0.358652,AcRMB,15.8596,10.0502,9.19154,0.319491,-0.159744,-0.934027
48,24,0.0661757,0.188593,,19.3581,12.2357,12.5473,-0.281048,-0.420102,0.862859
49,24,0.539547,0.170265,,19.6086,12.3239,12.614,0.894269,0.27523,0.352889
50,25,0.41871,0.160198,,19.0148,12.1336,11.5525,-0.177452,-0.68687,-0.704784
51,25,0.449668,0.227852,,19.2422,12.2913,11.5811,0.846176,0.0620451,-0.529279
52,26,0.476608,0.0839437,,18.3651,13.3075,12.3713,0.272551,0.700994,0.659032
53,26,0.178478,0.0886053,,18.2306,13.1961,12.2189,-0.779928,0.623602,0.0532252
54,27,0.0595984,0.102929,,18.5414,13.2472,11.9285,0.934594,0.154352,0.320482
55,27,0.0323335,0.109763,,18.5043,13.2519,11.9095,-0.572143,0.572143,-0.587627
56,28,0.538255,0.0733197,,16.4164,13.3029,11.8334,0.0343692,-0.465578,0.884339
57,28,0.248582,0.114287,,16.3004,13.4792,11.5573,-0.858875,0.410328,-0.306537
58,29,0.378843,0.114325,,16.8896,13.6045,11.5811,0.147027,0.539009,0.829369
59,29,0.489609,0.140802,,16.9082,13.7251,11.3335,0.189539,0.909704,-0.369478
60,30,0.83975,0.23538,,15.906,13.4096,9.95792,-0.862043,0.375826,0.340054
61,30,0.383985,0.533034,LMB,16.254,13.3678,9.66279,-0.0726609,0.604191,-0.79352
62,31,0.484211,0.206218,,17.5206,12.5326,10.2483,-0.115033,-0.977468,-0.176987
63,31,0.655,0.308413,,17.7759,12.8436,10.0674,0.6942,0.226717,-0.683144
64,32,0.0936849,0.197711,,15.3074,7.64672,14.1943,-0.69381,-0.594335,0.406685
65,32,0.677651,0.216088,,15.5162,7.60496,14.4562,0.520327,-0.205416,0.828894
66,33,0.344324,0.204035,,15.7111,6.59808,13.566,0.215496,-0.970248,0.110361
67,33,0.253066,0.148725,,15.7436,6.77904,13.4422,0.550056,0.110012,-0.82785
68,34,0.446328,0.245412,,13.9293,7.66992,12.8044,-0.207919,-0.977219,-0.0425697
69,34,0.883368,0.265604,,13.5767,7.92512,12.6283,-0.903474,0.0840422,-0.420323
70,35,0.277105,0.0893046,,14.319,8.40768,12.6854,0.535899,-0.535827,-0.652458
71,35,0.643923,0.0983291,,14.0824,8.7464,12.6901,-0.504407,0.821465,-0.266025
72,36,0.0440343,0.0979208,,14.3933,9.20112,14.1515,0.422408,-0.632248,0.649487
73,36,0.188875,0.069863,,14.3469,9.29856,14.161,-0.392851,0.884395,0.252018
74,37,0.557199,0.0942214,,13.6091,8.82528,13.9991,-0.816046,-0.499642,0.290561
75,37,0.436636,0.0807218,,13.637,9.05264,13.9087,-0.913805,0.403815,-0.0435125
76,38,0.368392,0.0797031,,14.5093,9.91566,13.6708,0.579274,0.730419,0.361843
77,38,0.319861,0.0927158,,14.4351,9.92496,13.5422,0.203212,0.89939,-0.387044
78,40,0.13118,0.239461,,15.2888,7.70704,10.7671,-0.636528,-0.636681,-0.435281
79,40,0.4536,0.149359,,15.3445,7.92048,10.6481,0.0612886,0.756967,-0.650573
80,41,0.713395,0.196661,,16.2725,7.32656,11.1908,0.325206,-0.481304,0.813995
81,41,0.130122,0.339279,MiRMB,16.1937,7.45648,10.8671,0.571009,-0.641859,-0.511826
82,42,0.0800282,0.214099,,13.1358,10.5235,11.3335,0.116212,0.927181,0.356132
83,42,0.672151,0.171527,,12.8018,10.4864,11.2526,-0.980138,0,-0.198318
84,43,1.05017,0.353682,,13.2194,9.42384,9.83892,-0.0618945,-0.874832,-0.480457
85,43,1.19461,0.516148,CaRMB,12.8296,9.9667,9.67707,-0.706928,0.139796,-0.693333
86,44,0.0908658,0.0853608,,14.7877,10.6767,9.68184,0.305952,0.714234,0.629494
87,44,0.23607,0.0748745,,14.6624,10.6535,9.61519,-0.943367,0.0783641,-0.322364
88,45,0.296448,0.104539,,14.8805,10.6488,9.12494,-0.031369,0.908084,-0.417612
89,45,0.322448,0.14684,,14.8202,10.4771,9.04404,-0.403163,-0.230117,-0.885723
90,46,0.392564,0.0958491,,16.0405,9.61408,9.61044,0.82738,0.236393,0.509471
91,46,1.17215,0.099521,,15.7343,9.15936,9.11539,-0.245447,-0.696704,-0.674062
92,47,0.488532,0.321292,AcRMB,16.1194,9.8971,8.77744,0.68368,-0.436821,-0.58461
93,47,0.838914,0.201509,,15.8735,9.95742,8.51089,-0.188101,-0.110572,-0.975906
94,48,0.335101,0.11714,,19.3998,12.064,12.5997,0.304679,-0.941803,0.142046
95,48,0.488931,0.127785,,19.3071,12.2589,12.8139,-0.170781,0.151759,0.973552
96,49,0.610066,0.138175,,20.1144,12.3099,12.833,0.867121,-0.288985,0.405695
97,49,0.207444,0.129956,,19.8684,12.5001,12.7092,0.178843,0.983878,0
98,50,0.081598,0.106325,,18.9637,11.9527,11.3954,-0.34069,-0.910571,-0.234077
99,50,0.141551,0.0800202,,18.9776,12.0316,11.3478,0,0.589893,-0.807481
100,51,0.505869,0.13533,,19.5112,12.5141,11.3431,0.31174,0.825511,-0.470477
101,51,0.631893,0.207832,,19.6968,12.2078,11.3193,0.837009,-0.308438,-0.451975
102,53,0.266545,0.0608881,,18.0496,13.1961,12.2713,-0.835508,-0.417564,0.357165
103,53,0.264386,0.0696519,,18.0868,13.3585,12.2475,-0.561673,0.807532,0.180043
104,55,0.254848,0.0783501,,18.4115,13.2472,11.8048,-0.655689,-0.109083,-0.747109
105,55,0.0675956,0.105447,,18.5136,13.2889,11.8952,0.54885,0.824023,-0.140535
106,57,0.475876,0.0856117,,16.0219,13.3724,11.4716,-0.721406,-0.662988,-0.200053
107,57,0.288089,0.0961042,,16.124,13.6555,11.5049,-0.483186,0.869871,-0.0992775
108,58,0.149661,0.0920074,,16.9917,13.6973,11.7382,0.992247,-0.124284,0
109,58,0.0562706,0.128899,,16.9082,13.7252,11.7572,-0.330554,0.659311,0.67531
110,59,0.418827,0.106429,,17.0984,14.0963,11.2098,0.68692,0.709123,-0.159015
111,59,0.743644,0.114756,,16.8061,14.2866,11.205,-0.399383,0.911055,-0.102334
112,60,0.574558,0.090841,,15.3538,13.7669,10.1817,-0.662074,0.694448,0.281781
113,60,0.589222,0.104505,,15.3213,13.3864,10.0341,-0.755911,-0.614369,-0.226164
114,61,0.942034,0.287242,,16.2122,13.9524,9.54854,-0.0590204,0.994974,0.0808893
115,61,0.394585,0.472225,LMB,16.1844,13.5209,9.32484,-0.282067,0.188299,-0.940735
116,62,0.281198,0.110208,,17.53,12.1753,10.2673,0.264229,-0.858113,0.440257
117,62,0.761364,0.10196,,17.1912,12.0965,10.0864,-0.792261,-0.524059,-0.312546
118,63,0.706412,0.195604,,18.1053,13.2519,9.79129,0.289065,0.945766,-0.148214
119,63,0.435433,0.26868,,18.1517,12.8714,9.69134,0.682077,-0.213122,-0.699535
120,64,0.404626,0.153479,,15.1218,7.54464,14.3228,-0.756749,-0.366956,0.540993
121,64,0.114729,0.168359,,15.2193,7.60496,14.2134,-0.970113,-0.242655,0
122,65,0.212791,0.225876,,15.7621,7.49824,14.8084,0.654165,-0.348886,0.671079
123,65,0.70965,0.134252,,15.5673,7.81376,14.9179,-0.352991,0.784613,0.509687
124,66,0.29549,0.127367,,15.6369,6.33824,13.6136,-0.753663,-0.628108,0.193578
125,66,0.377228,0.199744,,15.8271,6.264,13.5469,0.418313,-0.885617,-0.201735
126,67,0.0601632,0.109035,,15.8317,6.81616,13.3327,0.616654,0.771237,-0.157896
127,67,0.336596,0.0908997,,15.8178,6.73264,13.1804,0.0273327,-0.358412,-0.933163
128,68,0.22247,0.176745,,13.8551,7.36368,12.8568,-0.250372,-0.792556,0.55603
129,68,0.560231,0.184512,,13.9618,7.23376,12.6378,0.281669,-0.778537,-0.560841
130,69,0.0947252,0.272511,,13.1312,7.96224,12.4331,-0.979677,0,-0.200581
131,69,0.3682,0.182502,,13.2008,8.13856,12.395,0.126019,0.957741,-0.258557
132,72,0.174691,0.0840019,,14.4119,9.14544,14.242,0.106471,-0.478102,0.871827
133,72,0.207326,0.0578787,,14.4629,9.2568,14.2134,0.581692,0.671408,0.459179
134,78,0.52261,0.145406,,15.029,7.80912,10.7434,-0.834658,0.550469,0.018179
135,78,0.555985,0.229666,,15.1311,7.43328,10.6386,-0.417278,-0.834554,-0.359721
136,79,0.372724,0.0894549,,15.4188,8.26848,10.5006,0.323831,0.946115,0
137,79,0.20772,0.0930302,,15.377,8.05504,10.4054,0.179087,-0.357407,-0.916618
138,80,0.246891,0.134178,,16.421,7.15024,11.6001,0.263276,-0.0375883,0.963988
139,80,0.223117,0.117202,,16.3932,7.04352,11.4763,0.0416833,-0.998223,-0.0425809
140,81,0.809432,0.351649,MiRMB,16.4628,7.11776,10.6862,0.57324,-0.73375,-0.364701
141,81,0.8589,0.178792,,16.4535,7.71632,10.6244,0.518571,0.702293,-0.487718
142,82,0.419354,0.140129,,13.1823,10.6581,11.5287,0.199116,0.464762,0.862757
143,82,0.743995,0.126948,,13.2379,10.904,11.2431,0.261964,0.923125,-0.281454
144,83,0.0955259,0.158955,,12.4492,10.4446,11.186,-0.485733,-0.874107,0
145,83,0.195122,0.150196,,12.412,10.5606,11.1669,-0.618588,0.761066,-0.195264
146,84,0.483023,0.19276,,13.4004,8.8856,9.50574,0.883808,-0.326611,-0.334974
147,84,0.616985,0.270265,,13.0477,8.71856,9.46289,-0.451227,-0.797168,-0.401145
148,85,0.166728,0.514629,CaRMB,12.3517,10.0549,9.20109,-0.668157,0.0557751,-0.741927
149,85,0.974185,0.26137,,12.4213,10.5235,9.14869,0.0285363,0.971684,-0.234555
150,89,0.362501,0.0977775,,14.7924,10.2776,8.82984,0.204964,-0.895996,-0.393931
151,89,0.593965,0.148242,,14.6068,10.4307,8.64419,-0.499862,-0.0313141,-0.865539
152,90,0.387709,0.0751934,,16.2446,9.6976,9.89607,0.215367,0.191486,0.957575
153,90,0.198055,0.0876103,,16.2865,9.6976,9.74849,0.843711,0.374849,0.384239
154,92,0.927532,0.200852,,16.3375,9.3728,8.43949,0.110077,-0.900453,-0.420794
155,92,1.04652,0.302004,AcRMB,16.6994,9.89248,8.32999,0.789283,0.195085,-0.582215
156,93,0.276879,0.169293,,15.7899,9.90176,7.96349,-0.0335861,-0.0670344,-0.997185
157,93,0.400439,0.111369,,15.7157,10.092,8.13484,-0.394067,0.903908,0.16632
158,94,0.554459,0.0862564,,19.6133,11.7949,12.8186,0.585797,-0.401653,0.703929
159,94,0.297784,0.0661429,,19.372,11.8181,12.5331,-0.529576,-0.592039,-0.607485
160,95,0.281724,0.072615,,19.1354,12.2496,13.0805,-0.922181,-0.329398,0.202682
161,95,0.357747,0.0999562,,19.2699,12.3609,13.2185,0.0259913,0.363108,0.931385
162,96,0.2574,0.153185,,20.4717,12.1754,13.0329,0.721059,-0.360529,0.591686
163,96,0.381695,0.0765737,,20.5506,12.2867,12.9044,0.899409,0.340324,-0.274303
164,97,0.168892,0.0946583,,19.8824,12.6718,12.7568,-0.0544676,0.824197,0.563677
165,97,0.22569,0.0781704,,19.9288,12.6625,12.6235,0.370425,0.534809,-0.75945
166,98,0.209783,0.0776863,,18.9452,11.8134,11.3621,-0.0443326,-0.972908,-0.2269
167,98,0.160641,0.069945,,18.8709,11.9109,11.4002,-0.982319,-0.0578886,0.178041
168,100,0.241092,0.10157,,19.6922,12.76,11.2765,0.846573,0.307766,0.434275
169,100,0.0132942,0.111453,,19.5901,12.7276,11.2193,0,0.699498,-0.714634
170,101,0.282244,0.207003,,20.0912,12.0826,11.1289,0.92048,-0.197348,-0.337299
171,101,0.362211,0.13806,,19.9149,11.9434,11.1242,-0.256205,-0.922391,-0.289058
172,105,0.438338,0.0875375,,18.7132,13.4328,11.9334,0.825619,0.529272,0.195511
173,105,0.347718,0.0966874,,18.5368,13.4792,11.8286,0.0267465,0.934089,-0.356037
174,107,0.193438,0.0686424,,16.0312,13.8736,11.5049,-0.23987,0.95948,0.147854
175,107,0.118967,0.0966923,,16.0219,13.8179,11.4573,-0.545526,0.623701,-0.559819
176,109,0.289494,0.0817797,,16.8942,13.7205,11.919,-0.0321193,-0.16028,0.986549
177,109,0.272168,0.097363,,16.8896,13.8689,11.8286,-0.0679705,0.920388,0.385054
178,110,0.153879,0.112088,,17.2747,14.3144,11.1718,0.421755,0.904605,-0.0617399
179,110,0.235822,0.08398,,17.2979,14.203,11.0813,0.471964,-0.35408,-0.807389
180,114,0.469495,0.158811,,16.0266,14.5835,9.64854,-0.672213,0.691809,0.263686
181,114,0.469024,0.19081,,16.2447,14.6345,9.51049,0.257129,0.910188,-0.324719
182,115,1.06657,0.319497,,16.3839,13.6602,8.68224,0.478545,0.191363,-0.856957
183,115,0.954137,0.442518,LMB,15.8689,13.6648,8.75364,-0.544681,0.223657,-0.80827
184,116,0.254332,0.0870004,,17.6553,12.0872,10.4149,0.693189,0.255574,0.673923
185,116,0.161348,0.112734,,17.5578,11.9759,10.3435,-0.115282,-0.97739,0.177255
186,118,0.333374,0.15016,,18.3466,13.637,9.81511,0.835098,0.30626,0.456963
187,118,0.0552426,0.169262,,18.2027,13.6091,9.72469,-0.168353,0.839933,-0.515916
188,119,0.380619,0.131978,,18.4115,12.6858,9.60569,0.5851,-0.731439,0.350221
189,119,0.243988,0.227583,,18.3419,12.8157,9.42479,0.34223,-0.0762312,-0.936519
190,120,0.243457,0.138179,,14.8806,7.52144,14.499,-0.724153,0.419296,0.547534
191,120,0.469141,0.130422,,14.9223,7.24768,14.4894,-0.197809,-0.94948,0.243638
192,122,0.141151,0.2104,,15.8689,7.41472,14.9179,0.526385,-0.657453,0.539142
193,122,0.308612,0.144528,,15.957,7.53072,14.8226,0.812023,0.451051,-0.370367
194,123,0.197817,0.118718,,15.391,8.12928,15.1748,-0.516135,0.375295,0.769908
195,123,0.62164,0.0875695,,15.4513,8.3984,15.151,0.029759,0.985265,0.168426
196,124,0.332062,0.0981431,,15.4883,6.09232,13.6946,-0.223755,-0.922236,0.315299
197,124,0.0663578,0.0834615,,15.493,6.25008,13.6374,-0.979546,0.139851,-0.14468
198,125,0.61389,0.138696,,16.1334,5.92528,13.6231,0.740687,-0.559318,0.372217
199,125,0.66365,0.172751,,15.9431,5.79536,13.3756,0.111805,-0.908913,-0.401717
200,126,0.260361,0.0706338,,15.9755,6.80688,13.3423,0.962125,-0.2495,0.109846
201,126,0.206044,0.0837933,,15.8642,6.94144,13.328,0.134925,0.990856,0
202,128,0.417322,0.163078,,13.702,7.1456,13.0234,-0.600256,-0.622637,0.502012
203,128,0.425281,0.095329,,13.9757,7.2384,13.0662,0.698362,-0.174566,0.69413
204,129,0.640141,0.182512,,14.0407,6.7048,12.4045,0,-0.971286,-0.237916
205,129,0.209733,0.145485,,14.0918,7.04816,12.395,0.486811,0.309727,-0.816752
206,130,0.622883,0.186496,,12.8157,8.06432,12.5426,-0.864045,0.327766,0.382094
207,130,0.820952,0.264877,,12.8018,7.79056,12.1809,-0.689443,-0.418246,-0.591387
208,131,0.380654,0.104026,,13.1405,8.468,12.4236,-0.438718,0.80451,0.400363
209,131,0.163598,0.102334,,13.2472,8.34736,12.276,0.283622,0.397068,-0.872866
210,134,0.0735598,0.112097,,14.797,7.97152,10.7766,-0.377919,0.504622,0.776231
211,134,0.421722,0.0946152,,14.6206,7.94368,10.6576,-0.902252,-0.0440099,-0.428957
212,135,0.36438,0.148036,,15.0615,7.07136,10.6576,0.25468,-0.713102,0.653164
213,135,0.60498,0.215917,,14.8666,6.97392,10.4054,-0.490925,-0.751628,-0.440509
214,138,0.604372,0.0933781,,16.6066,6.94144,11.8809,0.506642,-0.675611,0.535597
215,138,0.297568,0.0963246,,16.4721,7.14096,11.8667,0.124677,-0.0311852,0.991707
216,139,0.309208,0.0926005,,16.3607,6.78832,11.5144,-0.239967,-0.930375,0.27716
217,139,0.190676,0.0803663,,16.4628,6.88112,11.424,0.681261,-0.535358,-0.499275
218,140,0.654276,0.340637,MiRMB,16.9453,6.62128,10.472,0.765886,-0.609895,-0.203583
219,140,0.685398,0.244672,,16.5788,6.59808,10.3054,-0.33849,-0.6499,-0.680481
220,141,0.247792,0.103582,,16.7041,8.09216,10.5101,0.224779,0.599214,0.768386
221,141,0.0409817,0.132071,,16.6809,8.03184,10.4006,0.226889,0.679342,-0.697865
222,142,0.810055,0.106076,,13.5163,10.9736,11.8857,0.721803,0.538482,0.434785
223,142,0.759364,0.109616,,13.1776,10.8762,12.0666,-0.122208,0.317767,0.94026
224,143,0.337338,0.0924497,,13.4467,11.3727,11.1575,0.660169,0.742577,0.112944
225,143,0.464777,0.100613,,13.3864,11.3959,10.9671,0.219676,0.638801,-0.737344
226,144,0.311451,0.120663,,12.4538,10.2497,11.1908,0.17852,-0.983463,0.0305041
227,144,0.615499,0.12999,,12.1522,10.2915,11.1003,-0.889684,-0.361821,-0.278473
228,145,0.411966,0.11865,,12.18,10.7463,11.1717,-0.833321,0.540579,0.115545
229,145,0.328794,0.101184,,12.4074,10.6813,11.0003,0.338816,0.282244,-0.89752
230,146,0.0473588,0.172175,,13.6277,8.78816,9.42004,0.587,-0.783801,-0.202701
231,146,0.480205,0.12182,,13.6834,8.87632,9.20584,0.289876,0.289876,-0.912109
232,147,0.405685,0.14665,,12.8435,8.40768,9.51999,-0.320199,-0.320249,0.891579
233,147,0.538217,0.251225,,12.8064,8.24064,9.24869,-0.379215,-0.862106,-0.336109
234,148,0.872224,0.243906,,11.9016,10.1894,9.27249,-0.904354,0.297974,0.30554
235,148,0.685336,0.483231,CaRMB,12.0872,10.0456,8.86789,-0.609336,-0.0405635,-0.791874
236,149,0.723242,0.112645,,12.6672,11.2149,9.20584,0.641557,0.603117,0.473977
237,149,0.279009,0.156825,,12.4492,11.0757,8.92024,0.0999994,0.565573,-0.818613
238,151,0.443274,0.103395,,14.2727,10.5328,8.33954,-0.837404,0.502624,-0.214767
239,151,0.727112,0.139159,,14.3515,10.4168,8.03964,-0.293627,-0.0126529,-0.955836
240,154,0.317782,0.0998615,,16.4999,8.88096,8.32999,0.700795,-0.46724,0.539048
241,154,0.290254,0.162477,,16.3561,8.8392,8.16339,-0.223595,-0.7993,-0.557785
242,155,0.160254,0.277871,AcRMB,17.1912,9.99456,8.01109,0.984059,0,-0.177843
243,155,0.627286,0.176999,,17.0845,10.2126,7.80164,-0.0887957,0.695281,-0.713232
244,156,0.341346,0.138188,,15.7621,9.744,7.74454,-0.135933,-0.869966,-0.474005
245,156,0.256121,0.181237,,15.7761,9.93888,7.70644,-0.0722327,0.362329,-0.929247
246,161,0.953174,0.0887267,,19.1865,12.4677,13.8516,-0.184959,0.0876019,0.978834
247,161,0.332937,0.080487,,19.1586,12.528,13.447,-0.696824,0.613328,0.37184
248,162,0.573084,0.106469,,20.5784,12.1104,13.3946,0.0485088,-0.0649119,0.996711
249,162,0.711218,0.118822,,20.8615,11.9434,13.1709,0.835045,-0.521921,0.174067
250,164,0.228434,0.0727772,,19.9149,12.7924,12.8996,0.324819,0.446959,0.833499
251,164,0.291057,0.0659193,,19.8035,12.8621,12.8377,-0.510212,0.829051,0.228821
252,165,0.412786,0.0611007,,20.133,12.8342,12.4759,0.78685,0.539503,-0.299672
253,165,0.0852146,0.0610506,,19.952,12.7183,12.4998,-0.436556,-0.109139,-0.893033
254,168,0.200763,0.0668806,,19.8035,12.7971,11.4288,0.0926394,0,0.9957
255,168,0.307501,0.0774595,,19.8685,12.9317,11.3335,0.48292,0.875119,0.0308927
256,169,0.722452,0.0945327,,19.7478,12.992,11.0194,0.436708,0.719217,-0.540382
257,169,0.244188,0.0783069,,19.4927,12.8018,11.1908,-0.798149,0.570053,-0.194931
258,170,0.414882,0.130714,,20.3279,12.2078,10.9908,0.514606,0.738282,-0.436027
259,170,0.185873,0.205931,,20.286,12.0083,11.0337,0.698864,-0.499266,-0.512175
260,171,0.173211,0.0774669,,19.8731,11.7114,11.1289,0.0536931,-0.749952,0.659309
261,171,0.502621,0.0991339,,19.8035,11.5954,10.91,-0.258445,-0.720027,-0.644024
262,172,0.257753,0.0732918,,18.9591,13.6138,12.0666,0.503971,0.503971,0.701446
263,172,0.250773,0.0810089,,18.9869,13.6184,11.9286,0.740113,0.555081,-0.379629
264,173,0.250083,0.0809904,,18.509,13.7622,11.7715,-0.259916,0.964884,0.0379895
265,173,0.138054,0.0960367,,18.5694,13.688,11.7238,0.403468,0.672202,-0.620772
266,177,0.145963,0.0781651,,16.8386,14.036,11.9238,-0.572741,0.572747,0.586455
267,177,0.134186,0.0813159,,16.9175,14.0499,11.8857,0.55296,0.830194,0.0708009
268,178,0.204228,0.0976881,,17.3211,14.4675,11.2241,0.136615,0.817712,0.559181
269,178,0.407389,0.0918104,,17.3954,14.551,11.0908,0.433004,0.8201,-0.37409
270,180,0.454434,0.11836,,15.7667,14.8991,9.8437,-0.449132,0.674026,0.586489
271,180,0.581337,0.117483,,15.6229,14.8991,9.68664,-0.845981,0.526889,-0.0818798
272,181,0.251294,0.158197,,16.3885,14.9408,9.44859,0.664559,0.738578,0.113415
273,181,0.546891,0.119614,,16.2169,15.0753,9.31059,-0.322368,0.831427,-0.452557
274,182,0.539399,0.162112,,16.6159,13.4978,8.17764,-0.0860218,-0.980536,-0.176492
275,182,0.708965,0.244123,,16.82,13.855,7.93489,0.510463,0.261789,-0.819081
276,183,0.669914,0.249445,,15.2981,13.7344,8.48704,-0.928179,-0.11076,0.355269
277,183,0.914539,0.436973,LMB,15.4977,13.9988,7.98724,-0.243511,0.497191,-0.832769
278,185,0.38414,0.0996003,,17.4836,11.7531,10.4672,-0.338158,-0.748948,0.569847
279,185,0.229325,0.0770689,,17.6042,11.8088,10.3102,0.485776,-0.769214,-0.415129
280,186,0.273165,0.0910307,,18.4765,13.6137,10.0055,-0.0680924,-0.543625,0.836561
281,186,0.0798071,0.12958,,18.4997,13.7251,9.89604,0.348335,0.92975,0.119282
282,187,0.672035,0.138353,,18.3094,13.9153,9.56764,0.331382,0.842366,-0.424978
283,187,0.216677,0.122555,,18.1053,13.688,9.70564,-0.856568,0.514128,-0.0443042
284,188,0.229141,0.0807559,,18.5554,12.5373,9.78181,0.28367,-0.0811747,0.95548
285,188,0.658783,0.085518,,18.6482,12.245,9.62949,0.380399,-0.915627,-0.130088
286,189,0.0720522,0.212253,,18.3698,12.7832,9.28674,-0.385826,-0.643978,-0.660629
287,189,0.978019,0.241065,,18.7502,12.811,8.98689,0.749578,0.00950828,-0.661848
288,190,0.0803055,0.121523,,14.7646,7.56784,14.5942,-0.693605,-0.115561,0.711026
289,190,0.250235,0.0776584,,14.7506,7.64208,14.4704,-0.334086,0.556275,-0.760884
290,191,0.313385,0.112182,,14.9223,6.92288,14.6561,0.296122,-0.651467,0.6985
291,191,0.360899,0.105428,,14.7738,6.87648,14.5371,-0.565812,-0.822834,-0.052924
292,192,0.294951,0.158946,,15.9524,7.39152,15.094,0.314629,0.157314,0.936088
293,192,0.902659,0.149916,,16.1658,7.00176,14.9988,0.575633,-0.812178,0.0949418
294,193,0.134185,0.088525,,16.1426,7.57248,14.756,0.898759,-0.414949,-0.141596
295,193,0.246301,0.0815523,,16.073,7.656,14.6561,-0.0755193,0.45213,-0.888749
296,194,0.284091,0.0819787,,15.3214,8.19424,15.3891,-0.130592,0.195995,0.97187
297,194,0.168385,0.0639162,,15.2703,8.2128,15.2606,-0.826681,0.55112,0.113426
298,196,0.166617,0.103231,,15.4605,5.90672,13.8231,0.111636,-0.389876,0.914076
299,196,0.485879,0.0816432,,15.3074,5.74432,13.7659,-0.591917,-0.802176,0.0784151
300,198,0.425582,0.0833878,,16.3607,5.59584,13.8802,0,-0.741385,0.67108
301,198,1.74058,0.108514,,17.1356,5.39632,13.9088,0.890337,-0.410531,0.196889
302,199,0.314963,0.170174,,16.0173,5.36384,13.1614,0.235582,-0.824985,-0.513712
303,199,0.524768,0.0845329,,15.8224,5.28496,13.2614,-0.601218,-0.79578,0.0726039
304,202,0.0900832,0.166927,,13.5628,6.97392,13.1376,-0.309711,-0.927143,0.210917
305,202,0.682474,0.121697,,13.3911,7.13168,13.3899,-0.543904,0.33994,0.767208
306,204,0.308198,0.125919,,14.1799,6.37072,12.3903,0.903316,-0.150553,0.40169
307,204,0.0612316,0.184961,,14.0268,6.37072,12.3141,-0.455643,-0.75778,-0.467075
308,205,0.167482,0.0845321,,14.1799,7.05744,12.238,0.443031,-0.277045,-0.852625
309,205,0.165769,0.101525,,14.2217,7.08992,12.2856,0.951321,0.111963,-0.287145
310,206,0.296817,0.149463,,12.4492,8.1432,12.7711,-0.656636,-0.156326,0.737829
311,206,0.623289,0.128746,,12.3703,8.41696,12.7187,-0.565709,0.803992,0.183221
312,207,0.575618,0.136051,,12.6626,7.54464,11.7001,0.499638,-0.257949,-0.826937
313,207,0.0418169,0.245655,,12.5002,7.61888,11.9285,-0.889591,0,-0.456757
314,210,0.184975,0.0930041,,14.7088,8.01792,10.8528,-0.802813,0.301015,0.514667
315,210,0.3682,0.079836,,14.7599,8.1664,10.8528,-0.126019,0.957741,0.258557
316,212,0.269913,0.0944385,,15.1682,6.8208,10.7814,0.446814,-0.89392,0.0355659
317,212,0.278889,0.0942329,,15.1218,6.95536,10.9146,0.0996832,0.0998234,0.989999
318,213,0.0404739,0.210492,,14.7042,6.73264,10.2769,-0.686853,-0.687855,0.234708
319,213,0.182401,0.174313,,14.7599,6.74192,10.1912,0.457786,-0.0508779,-0.887605
320,218,0.334733,0.343308,MiRMB,17.2887,6.28256,10.4006,0.554473,-0.831708,-0.0286815
321,218,0.648386,0.204661,,17.349,6.62592,10.2055,0.47225,0.629749,-0.616763
322,219,0.555592,0.189394,,16.4071,6.11552,9.99126,-0.200505,-0.935363,-0.291364
323,219,0.520087,0.121093,,16.356,6.56096,9.92462,-0.410506,0.713726,-0.567521
324,221,0.600044,0.0996936,,16.8525,8.22672,10.215,0.556794,0.603155,-0.571125
325,221,0.240187,0.0997992,,16.6298,8.12464,10.3149,-0.4638,0.656821,-0.594539
326,226,0.206759,0.0754765,,12.5419,10.0456,11.2622,0.583771,-0.493518,0.644711
327,226,0.178056,0.0957962,,12.463,10.027,11.1432,-0.208361,-0.781549,-0.588019
328,227,0.0293137,0.132843,,11.8645,10.1755,11.0146,-0.948348,-0.317233,0
329,227,0.316379,0.093178,,11.846,10.1523,10.8623,-0.205132,-0.176053,-0.96277
330,228,0.124262,0.119323,,11.9805,10.8762,11.2479,-0.448249,0.298562,0.842576
331,228,0.214142,0.0988249,,11.9248,10.8994,11.1432,-0.780324,0.389928,-0.488929
332,230,0.594426,0.123001,,13.8968,8.9088,9.47714,0.858645,0.468352,0.208267
333,230,0.780294,0.130261,,13.869,8.48656,9.27244,0.582858,-0.725471,-0.366017
334,231,0.667286,0.0915114,,13.8273,8.9784,8.66319,0.222543,0.0973503,-0.97005
335,231,0.19163,0.100715,,13.8087,9.02016,8.96304,0.581327,0.774829,-0.248394
336,232,0.0800998,0.082807,,12.7832,8.3056,9.71514,0.116108,-0.92684,0.357051
337,232,0.0819642,0.0786386,,12.7693,8.37056,9.72944,-0.226922,0.679325,0.697871
338,233,0.142628,0.235159,,12.6765,7.94368,9.14874,-0.390527,-0.910902,-0.133214
339,233,0.407488,0.170893,,12.8064,8.01792,8.98214,0.500873,0.045546,-0.864322
340,234,0.809388,0.110158,,11.4144,10.7091,9.34864,-0.229309,0.963073,-0.141094
341,234,0.496077,0.159144,,11.2613,10.2869,9.40574,-0.991379,-0.131027,0
342,235,0.853332,0.314746,,11.7114,9.68833,8.40614,-0.391406,-0.804774,-0.446251
343,235,1.17991,0.436571,CaRMB,11.498,10.1569,8.16339,-0.644878,0.212304,-0.734207
344,237,0.473704,0.099629,,12.3007,11.3216,8.76319,-0.685661,0.705081,-0.180915
345,237,0.234161,0.137722,,12.5374,11.2102,8.73464,0.634177,0.475312,-0.609834
346,239,0.181341,0.143969,,14.203,10.3751,7.62074,-0.460457,-0.409724,-0.787468
347,239,0.173109,0.105439,,14.268,10.4864,7.65409,0.268039,0.857264,-0.439606
348,241,0.373854,0.149661,,16.2865,8.54224,8.05389,-0.198743,-0.968077,-0.152734
349,241,0.435499,0.102114,,16.319,8.64896,7.87779,-0.0213553,-0.340941,-0.939842
350,242,0.27995,0.277868,AcRMB,17.4093,10.0085,8.00159,0.994464,0.0994451,0.0339347
351,242,0.595409,0.170155,,17.4278,9.74864,7.93969,0.529888,-0.826055,-0.191969
352,243,0.213584,0.137176,,17.0288,10.5328,7.56364,-0.260789,0.956064,-0.133906
353,243,0.261419,0.118579,,17.052,10.4075,7.44939,-0.035576,-0.177493,-0.983479
354,244,0.261496,0.0933002,,15.66,9.50272,7.61604,-0.603071,-0.709764,-0.36406
355,244,0.260466,0.0879182,,15.7529,9.54448,7.54464,0.107115,-0.391914,-0.913745
356,245,1.32167,0.108557,,15.3214,9.8136,7.13049,-0.674071,-0.259793,-0.691474
357,245,0.670297,0.146024,,15.7853,10.1337,7.28754,0.0553484,0.442968,-0.894827
358,248,0.764571,0.0787005,,20.5645,11.9248,14.0229,-0.0728517,-0.436846,0.896581
359,248,0.173353,0.0700562,,20.5877,12.1568,13.7373,-0.0536492,0.749917,0.659353
360,249,0.362932,0.114679,,21.2512,11.6093,13.2804,0.511391,-0.818335,0.26231
361,249,0.191799,0.0872316,,21.2419,11.7856,13.1947,0.870704,0.289888,-0.397289
362,258,0.463143,0.0754492,,20.5924,12.4862,11.0146,0.681212,0.540869,0.493367
363,258,0.320534,0.0885188,,20.4856,12.4492,10.7766,0.318217,0.55002,-0.77215
364,259,0.675952,0.161548,,20.6387,11.8505,11.1242,0.851243,-0.329461,0.408461
365,259,0.721558,0.150886,,20.5413,11.8505,10.7005,0.527332,-0.308638,-0.791621
366,260,0.150137,0.0568169,,19.8963,11.6603,11.2574,0.247106,0.185161,0.951133
367,260,0.109081,0.059984,,19.8592,11.5954,11.1813,-0.34104,-0.936006,-0.0870872
368,265,0.15814,0.0420914,,18.5601,13.7854,11.7286,-0.469842,0.645633,0.602002
369,265,0.25749,0.0928235,,18.6297,13.8365,11.6096,0.252046,0.793039,-0.554582
370,272,0.258312,0.124682,,16.5231,15.0893,9.56759,0.39526,0.431264,0.811037
371,272,0.602731,0.117591,,16.6483,15.247,9.34384,0.585169,0.708276,-0.394869
372,273,0.0657046,0.121875,,16.1287,15.3352,9.18204,0,0.989269,-0.146104
373,273,0.13432,0.0958795,,16.1241,15.261,9.13444,-0.0692395,-0.62165,-0.780229
374,274,0.333151,0.0880963,,16.6576,13.1916,8.27764,0.389919,-0.250637,0.886084
375,274,0.0913284,0.13728,,16.5741,13.1962,8.11104,-0.406225,-0.813546,-0.416082
376,275,0.820646,0.113089,,16.8618,13.7529,7.31134,-0.339243,-0.474869,-0.812043
377,275,0.0324493,0.245778,,17.0103,13.9571,7.63504,0.573216,0.573216,-0.585531
378,276,0.619261,0.114305,,14.7227,13.8272,8.70124,-0.854083,0.419533,0.307464
379,276,0.381576,0.146759,,14.8619,13.5673,8.54419,-0.656488,-0.681124,-0.324183
380,277,0.722645,0.237194,,15.1775,14.5,7.71594,-0.577877,0.757771,0.303053
381,277,0.361869,0.424874,LMB,15.3492,14.2448,7.43034,-0.205322,0.1028,-0.973281
382,281,0.461547,0.0982491,,18.5554,13.9525,10.0245,0.181132,0.824401,0.536241
383,281,0.541346,0.101898,,18.7596,13.8736,9.88177,0.908664,0.411566,-0.0703066
384,282,0.545392,0.106396,,18.379,14.4582,9.35344,-0.153101,0.952893,-0.261831
385,282,0.246623,0.0995096,,18.4858,14.2587,9.33914,0.527125,0.489009,-0.694989
386,283,0.252637,0.0763719,,17.9383,13.7808,9.79606,-0.587802,0.293701,0.75381
387,283,0.139019,0.0774906,,17.9522,13.7344,9.66754,-0.867519,-0.133798,-0.47907
388,286,0.351432,0.127021,,18.212,12.7739,9.16299,-0.818651,0.0791037,-0.568817
389,286,0.507363,0.13056,,18.2909,12.6115,9.06779,-0.256029,-0.585379,-0.769273
390,287,0.240963,0.216315,,19.2282,12.7739,8.64419,0.924619,-0.346525,-0.158116
391,287,0.463984,0.198585,,19.1354,12.8899,8.44424,0.0801731,0.320055,-0.944
392,288,0.213455,0.0994699,,14.7042,7.58176,14.7227,-0.304516,0.1739,0.936498
393,288,0.293458,0.0775,,14.5929,7.56784,14.5942,-0.980378,0.0316236,-0.194574
394,290,0.300884,0.0772444,,14.9409,6.81152,14.9131,-0.185122,-0.0616847,0.980778
395,290,0.383275,0.0810285,,15.0151,6.64912,14.8369,0.242122,-0.895858,0.372579
396,291,0.115289,0.095505,,14.616,6.72336,14.5418,-0.965392,-0.0804949,0.248069
397,291,0.314743,0.0891286,,14.6253,6.57952,14.5037,-0.294842,-0.943502,-0.151234
398,292,0.0628254,0.132395,,16.008,7.424,15.2606,0.294457,0.295421,0.908857
399,292,0.106223,0.140655,,16.0127,7.46576,15.2273,0.261709,0.960994,-0.089439
400,293,0.534477,0.101506,,16.3885,6.37072,15.0511,-0.138827,-0.989678,0.0355489
401,293,0.866767,0.145579,,16.7875,6.39856,15.0701,0.835172,-0.546029,0.0658762
402,302,0.0162135,0.168863,,16.059,5.22928,13.0852,0.573612,-0.572377,0.585964
403,302,0.382754,0.118132,,15.9894,5.27104,12.9043,-0.33938,0.193962,-0.920435
404,304,0.580634,0.109091,,13.5999,6.67232,13.2661,0.175841,-0.895022,0.409897
405,304,0.456727,0.125087,,13.3818,6.77904,13.1186,-0.731291,-0.67051,-0.125021
406,305,0.160008,0.0799436,,13.2009,7.308,13.7041,-0.0581176,0.753961,0.654343
407,305,0.1299,0.0755516,,13.1405,7.24768,13.6517,-1,0,0
408,307,0.18945,0.188373,,14.0128,6.25472,12.2808,0,-0.979677,-0.200581
409,307,0.321686,0.111237,,13.9247,6.36608,12.1666,-0.548051,0.115393,-0.828447
410,309,0.134952,0.0911749,,14.3608,7.08064,12.238,0.89439,-0.275059,-0.352716
411,309,0.126295,0.0530764,,14.2634,7.07136,12.2189,-0.587513,-0.440872,-0.678572
412,310,0.655458,0.103569,,12.2682,8.16176,13.1947,-0.254783,0.127422,0.958566
413,310,0.276036,0.122459,,12.2497,8.0272,12.8758,-0.739394,-0.672374,-0.0347769
414,311,0.313219,0.0957652,,12.2264,8.7696,12.89,0.207202,0.651815,0.729523
415,311,1.10861,0.102846,,11.8228,9.07584,12.7234,-0.669666,0.736633,-0.0944424
416,313,0.692215,0.172459,,12.1614,7.73952,11.8666,-0.925001,0.348562,-0.151254
417,313,0.722812,0.202,,12.3331,7.32192,11.7762,-0.410757,-0.821679,-0.395123
418,318,1.01793,0.128013,,14.1845,6.71872,10.2245,-0.993687,0,-0.112188
419,318,0.758328,0.17999,,14.6068,6.3568,10.2055,-0.220353,-0.95452,-0.200836
420,319,0.382799,0.0880293,,14.8527,6.5888,10.0007,0.266718,-0.775759,-0.571892
421,319,0.168871,0.10356,,14.8248,6.78368,10.0436,0.27476,0.549531,-0.789001
422,320,0.660676,0.216734,,17.4094,5.94384,10.6576,0.084308,-0.603987,0.792522
423,320,0.646327,0.330837,MiRMB,17.6042,5.95776,10.253,0.689126,-0.574323,-0.441881
424,321,0.41028,0.0918406,,17.6831,6.90432,9.94363,0.882081,0.361899,-0.301599
425,321,0.307351,0.122165,,17.5206,6.89504,9.86747,0.120708,0.422709,-0.898191
426,322,0.234678,0.13694,,16.3097,5.8232,10.0151,-0.355807,-0.276805,0.892626
427,322,0.0800863,0.179286,,16.3468,5.81856,9.89604,-0.116128,-0.927003,-0.356623
428,328,0.381566,0.107171,,11.6604,10.1709,11.0003,-0.997207,0,-0.0746912
429,328,0.401404,0.101478,,11.7531,10.0178,10.9289,-0.485547,-0.762972,-0.426752
430,333,0.209415,0.0925556,,14.1892,8.19424,9.17724,0.886275,-0.0886252,0.454602
431,333,0.794224,0.109596,,14.282,7.87872,8.99639,0.467374,-0.817906,-0.335547
432,338,0.61211,0.189074,,12.3517,7.84624,9.20584,-0.97025,-0.106125,0.217607
433,338,0.965221,0.224163,,12.6765,7.44256,8.93454,0.0577073,-0.903751,-0.424151
434,339,0.711227,0.113689,,13.0987,7.92048,8.52519,0.534991,-0.300101,-0.789762
435,339,0.183311,0.101173,,12.876,8.10144,8.76319,-0.35404,0.809993,-0.467512
436,341,0.32301,0.167505,,10.8576,10.2637,9.43909,-0.976752,0.0575819,0.206495
437,341,0.334502,0.0921661,,11.0339,10.0966,9.45809,0.110911,-0.943254,0.313003
438,341,0.235135,0.099956,,10.9643,10.208,9.31054,-0.43422,-0.394667,-0.809747
439,342,0.782359,0.256818,,11.3542,9.0712,8.01109,-0.486349,-0.699833,-0.523162
440,342,0.644068,0.173837,,11.8042,9.3032,8.03009,0.806747,-0.129676,-0.576492
441,343,0.0279679,0.418561,,11.1082,10.2915,7.73499,-0.665064,0.665064,0.339676
442,343,0.725339,0.428505,CaRMB,10.8948,10.2636,7.44464,-0.614196,-0.0511483,-0.787494
443,345,0.288451,0.098005,,12.7462,11.3169,8.65369,0.932913,0.35396,-0.0662163
444,345,0.289285,0.10978,,12.6487,11.3308,8.53944,0.256494,0.449039,-0.855906
445,346,0.143235,0.0950239,,14.0963,10.3194,7.57314,-0.906903,-0.259014,0.332324
446,346,0.974296,0.124573,,13.9804,10.3286,7.09714,-0.371447,-0.0189884,-0.92826
447,348,0.981182,0.103093,,16.3932,7.89264,8.00629,0.293218,-0.955257,-0.038831
448,348,1.2935,0.121811,,15.8734,7.85088,7.89684,-0.581138,-0.789179,-0.198686
449,350,0.665972,0.164143,,17.697,10.0641,8.30144,0.445966,0.125381,0.886224
450,350,0.955553,0.244787,AcRMB,17.9893,10.1105,7.84449,0.922607,0.184501,-0.338757
451,351,0.29241,0.121426,,17.6784,9.39136,7.90159,0.634727,-0.761672,0.130296
452,351,0.231814,0.108627,,17.5392,9.44704,7.79209,-0.400322,-0.480384,-0.780368
453,352,0.253991,0.109597,,16.9453,10.7045,7.63979,-0.438594,0.548053,0.712232
454,352,2.33635,0.104355,,17.0427,11.3959,6.66399,0.0357395,0.651401,-0.757892
455,357,0.24621,0.108749,,15.8781,10.2266,6.90674,0.603146,-0.452052,-0.657163
456,357,0.619232,0.145633,,15.725,10.4864,6.76869,-0.254831,0.659528,-0.707166
457,358,0.138963,0.063361,,20.4949,11.7764,14.418,-0.600878,0.266976,0.753438
458,358,0.402111,0.0465244,,20.5598,11.5908,14.4752,0.115391,-0.830865,0.544379
459,360,1.0343,0.051201,,21.3904,11.0989,13.6945,0.0897222,-0.699793,0.708688
460,360,1.29356,0.0677126,,21.7384,10.9504,13.2804,0.609789,-0.78914,-0.0735957
461,364,0.160154,0.153505,,21.0006,11.716,11.2812,0.927234,-0.289721,0.237272
462,364,0.402627,0.108503,,20.8939,11.5675,11.3622,-0.161436,-0.852899,0.496489
463,365,0.285153,0.157954,,20.8429,11.7021,10.334,0.780984,-0.26021,-0.567763
464,365,0.405719,0.115152,,20.6202,11.6139,10.3007,-0.548903,-0.617669,-0.563197
465,370,0.167646,0.10502,,16.6437,15.1264,9.71519,0.830323,-0.221902,0.511197
466,370,0.260204,0.106977,,16.5648,15.2564,9.73899,-0.071103,0.855864,0.51229
467,371,0.251496,0.0993259,,16.9453,15.4929,9.21059,0.95946,0.258057,-0.113324
468,371,0.269888,0.100908,,16.8618,15.5486,9.12964,0.274928,0.653234,-0.705478
469,372,0.0924658,0.117833,,16.1147,15.4048,9.20104,-0.301741,0.802466,0.514783
470,372,0.560638,0.0786066,,16.1334,15.5857,9.00114,0.0165887,0.777864,-0.628214
471,375,0.0394103,0.137059,,16.551,13.1405,8.09679,-0.235937,-0.941399,0.241043
472,375,0.445716,0.103348,,16.4303,13.0709,7.93019,-0.562238,-0.395543,-0.726246
473,377,0.589648,0.176621,,17.1588,14.2263,7.63029,0.472147,0.881373,0.0161113
474,377,0.302156,0.211705,,17.1031,13.9896,7.50179,0.552694,0.153563,-0.819114
475,379,0.2848,0.128416,,14.7599,13.2982,8.50139,0.162922,-0.977527,0.133779
476,379,0.756544,0.11202,,14.5835,13.2008,8.23004,-0.404868,-0.625475,-0.66698
477,380,0.379392,0.129284,,14.7831,14.7831,7.86354,-0.978408,0.048763,0.200848
478,380,0.259369,0.159008,,14.9641,14.899,7.85874,-0.0358572,0.965805,0.256777
479,381,1.01083,0.273461,,15.5951,14.5696,6.96864,0.560036,0.60584,-0.565081
480,381,0.624333,0.404242,LMB,15.1682,14.2866,6.97814,-0.460652,0.0743194,-0.884464
481,383,0.181924,0.0849864,,19.0658,14.0221,9.91985,0.662912,0.407866,0.627848
482,383,0.219627,0.0743691,,19.1076,13.9989,9.82464,0.929302,0.126581,-0.34695
483,385,0.211536,0.0500877,,18.4951,14.3794,9.32009,-0.526628,0.570588,0.630153
484,385,0.406491,0.0914341,,18.6158,14.4304,9.09634,0.319564,0.548104,-0.772956
485,389,0.119087,0.0893078,,18.2352,12.4074,8.89169,0.155344,-0.934617,0.319937
486,389,0.390425,0.112015,,18.1842,12.4027,8.69174,-0.214123,-0.308896,-0.926679
487,390,0.334229,0.139012,,19.3349,12.5651,8.62514,-0.0278259,-0.999613,0
488,390,0.0856566,0.182427,,19.3813,12.7322,8.61559,0.974822,0,-0.222986
489,391,0.663221,0.110656,,19.0101,12.8621,7.94444,-0.43379,-0.307891,-0.846776
490,391,0.290117,0.192171,,19.2236,13.0292,8.11579,0.479807,0.447751,-0.754523
491,392,0.214576,0.0887033,,14.6717,7.57712,14.9274,0,-0.216241,0.97634
492,392,0.177335,0.0753907,,14.6346,7.66528,14.8702,-0.418415,0.732624,0.536834
493,398,0.367142,0.136649,,16.0266,7.31264,15.4271,0.0506628,-0.657184,0.752025
494,398,0.348089,0.130733,,16.0683,7.55856,15.3986,0.293317,0.719816,0.62915
495,401,0.839995,0.125054,,17.5439,6.02736,15.151,0.939052,-0.320383,0.124644
496,401,0.328916,0.102566,,17.1959,6.0088,15.0606,0.282139,-0.931058,-0.231364
497,402,0.449595,0.130103,,16.2354,5.0808,13.1091,0.763801,-0.639864,0.0847435
498,402,0.604675,0.141155,,16.0545,4.96944,12.9282,-0.0305939,-0.844089,-0.535329
499,404,0.305706,0.0769769,,13.6602,6.34752,13.5231,0.0608444,-0.424984,0.903154
500,404,0.305249,0.0798446,,13.7066,6.27328,13.4137,0.364947,-0.912043,0.187058
501,405,0.257692,0.0865935,,13.0895,6.6352,13.1186,-0.972478,0.0720255,0.221583
502,405,0.270315,0.105216,,13.1638,6.51456,13.0329,-0.377706,-0.823927,-0.422473
503,408,0.387045,0.122706,,13.9757,5.99488,12.3522,-0.19171,-0.863155,0.46713
504,408,0.50371,0.169215,,14.0406,5.95312,12.1237,0.110578,-0.829049,-0.548133
505,413,0.245871,0.101353,,12.0269,7.94832,12.89,-0.981411,0.113231,0.154956
506,413,0.442857,0.104895,,12.0733,7.73024,12.9139,-0.335324,-0.922014,0.193516
507,416,0.331739,0.162994,,11.6835,7.9112,11.8095,-0.951048,0.307712,-0.0286356
508,416,0.28365,0.116341,,11.8784,7.94832,11.7096,0.261942,0.621612,-0.738231
509,417,0.352899,0.122467,,12.1662,6.87184,11.7191,-0.105129,-0.867785,0.485692
510,417,0.429842,0.177776,,12.0965,6.88576,11.4954,-0.410151,-0.64768,-0.642096
511,418,0.242478,0.0674454,,13.572,6.7744,10.1817,-0.880493,0.459259,0.117535
512,418,0.245348,0.10213,,13.5628,6.69088,10.1388,-0.945592,-0.226942,-0.23314
513,419,0.487545,0.109221,,14.616,5.86032,10.3102,0.380683,-0.551991,0.74188
514,419,0.662373,0.168915,,14.398,5.72112,9.99127,-0.378185,-0.826604,-0.416775
515,422,0.443243,0.17181,,17.5161,5.58192,11.048,0.355786,-0.73278,0.580043
516,422,0.276862,0.11384,,17.3166,5.71648,10.9813,-0.871556,-0.20111,0.447152
517,423,0.535637,0.27905,MiRMB,18.0868,5.71184,10.0864,0.970245,-0.225228,-0.0888658
518,423,0.487344,0.210358,,17.8037,5.59584,9.94362,-0.0952102,-0.723596,-0.683625
519,425,0.229252,0.0922184,,17.5392,6.96928,9.61519,0,0.0809587,-0.996717
520,425,0.994398,0.0963543,,17.7295,7.38224,9.54854,0.382644,0.849238,-0.363839
521,427,0.534815,0.178987,,16.2957,5.5216,9.8389,-0.173518,-0.9717,-0.16028
522,427,0.426464,0.111211,,16.3746,5.80464,9.6723,0.152417,0.108802,-0.982309
523,432,0.208412,0.150889,,12.0409,7.89264,9.33909,-0.133868,0.756963,0.639598
524,432,0.425934,0.172999,,11.8552,7.73952,9.27724,-0.937001,-0.348599,0.022538
525,433,0.139597,0.219932,,12.7137,6.94144,8.70604,0.132527,-0.93068,-0.340987
526,433,0.746123,0.121585,,12.7322,7.0296,8.35854,0.0745188,0.0621882,-0.995279
527,436,0.648461,0.113054,,10.4957,10.4771,9.61999,-0.629644,0.629645,0.455078
528,436,0.560403,0.147214,,10.44,10.1709,9.49624,-0.927369,-0.36438,0.0849385
529,439,0.134946,0.256903,,11.1222,8.7464,7.79214,-0.618766,-0.756447,-0.211935
530,439,0.922283,0.132565,,11.2706,8.82992,7.35899,0.231382,0.0704345,-0.97031
531,440,0.632904,0.0960537,,12.3378,9.12224,7.76829,0.865218,-0.439878,-0.240637
532,440,0.281911,0.135571,,12.1197,9.31248,7.72544,0.395158,0.362097,-0.844237
533,441,0.818055,0.223323,,10.7602,10.4679,7.89684,-0.828061,0.408407,0.384082
534,441,0.956496,0.210846,,11.2474,10.7091,7.53984,0.310508,0.853741,-0.417984
535,442,1.03281,0.292217,,10.3008,9.98063,6.91629,-0.718852,-0.512135,-0.470075
536,442,0.998272,0.353531,CaRMB,10.4168,10.4121,6.76394,-0.511283,0.334678,-0.791568
537,444,0.131724,0.0898919,,12.6904,11.4608,8.42519,0.0706037,0.986909,0.145001
538,444,0.3591,0.0915002,,12.7415,11.433,8.24904,0.310222,0.206908,-0.927875
539,446,0.244035,0.0678385,,13.7948,10.2173,6.57829,-0.0381103,-0.836766,-0.546233
540,446,0.197264,0.104237,,13.7901,10.3751,6.56404,-0.0942924,0.564222,-0.820221
541,447,0.380939,0.0788682,,16.6762,7.29408,7.99204,0.730821,-0.682104,0.0252013
542,447,0.150231,0.0791035,,16.5092,7.3544,7.98249,-0.370764,-0.926572,-0.0632361
543,448,0.546264,0.0745061,,15.4512,7.07136,7.77309,-0.16988,-0.985311,0.0173909
544,448,0.527631,0.0954679,,15.2563,7.27088,7.68739,-0.914465,-0.26382,-0.306843
545,449,0.0285997,0.155405,,17.8455,10.1059,8.61084,0,0,1
546,449,0.254587,0.0995135,,17.8687,10.2266,8.56324,0.182249,0.947813,-0.261604
547,450,0.531926,0.228096,AcRMB,18.6946,10.1708,7.68264,0.994502,-0.104714,0
548,450,0.452874,0.177146,,18.4162,10.3565,7.52079,-0.0613849,0.696662,-0.714768
549,451,0.268154,0.0803489,,17.7805,9.24288,8.04914,0.0693649,-0.276855,0.958405
550,451,1.31939,0.100054,,17.9058,8.63504,7.95394,0.204033,-0.977662,0.0504777
551,456,0.32363,0.0998824,,15.5812,10.6767,6.40219,-0.401384,-0.0862117,-0.911843
552,456,0.914314,0.137332,,15.5626,11.0525,6.28319,-0.18265,0.791631,-0.58306
553,461,0.449014,0.0920712,,21.2141,11.8181,11.424,0.620027,0.558114,0.55143
554,461,0.802451,0.144216,,21.4089,11.4793,11.3621,0.832574,-0.531995,0.154276
555,463,0.286398,0.166636,,21.0378,11.5814,10.1721,0.58345,-0.583454,-0.564949
556,463,0.312586,0.106901,,21.0146,11.7902,10.1816,0.38613,0.801377,-0.456835
557,465,0.14381,0.0755535,,16.7226,15.0475,9.79609,0.129327,-0.838605,0.529166
558,465,0.173979,0.082369,,16.7922,15.1356,9.78184,0.906999,0.320155,0.273595
559,466,0.169346,0.0865193,,16.5463,15.3909,9.88654,-0.109826,0.273996,0.955439
560,466,0.0974167,0.100526,,16.5788,15.4094,9.79609,0.476305,0.857141,-0.196067
561,471,0.518671,0.102021,,16.4489,12.9131,8.22054,-0.375769,-0.805134,0.458865
562,471,0.457321,0.0835955,,16.6438,12.9177,8.06819,0.426174,-0.892806,-0.145849
563,473,0.407229,0.107085,,17.3769,14.4583,7.82069,0.38725,-0.136779,0.911772
564,473,0.0292821,0.154124,,17.3026,14.5,7.63504,0.314156,0.949371,0
565,474,0.436643,0.139544,,17.2979,13.8272,7.34944,0.510028,-0.850124,-0.130999
566,474,0.81002,0.189877,,17.3583,14.0267,7.01149,0.423941,0.0343197,-0.905039
567,475,0.186454,0.108442,,14.7878,13.0894,8.58229,0.0498796,-0.746568,0.663437
568,475,0.25065,0.0915741,,14.8434,13.0755,8.44904,0.481148,-0.66627,-0.56972
569,477,0.251815,0.0894679,,14.4907,14.797,7.96824,-0.847844,0.0369328,0.528958
570,477,0.339942,0.096925,,14.4397,14.8527,7.88259,-0.928101,0.35506,-0.112077
571,478,0.194204,0.119876,,14.978,15.0196,7.98724,0.191035,-0.047884,0.980415
572,478,0.199317,0.143251,,14.9409,15.1217,7.90159,-0.186134,0.97784,0.095828
573,479,0.464482,0.16994,,15.8735,15.1078,6.69254,-0.0200228,0.998962,0.0409059
574,479,0.122171,0.212889,,15.9153,14.8665,6.63544,0.608162,-0.15143,-0.779236
575,480,0.703014,0.223823,,14.7692,14.0685,6.71634,-0.726016,-0.686473,0.0406816
576,480,0.953634,0.383756,LMB,14.8527,14.5232,6.31174,-0.360096,0.447551,-0.818553
577,487,0.273907,0.0795224,,19.386,12.2867,8.68224,0.406348,-0.813051,0.416929
578,487,0.11764,0.083643,,19.3163,12.3517,8.59179,-0.237155,-0.788851,-0.566985
579,488,0.310163,0.125133,,19.5251,12.7925,8.70604,0.65804,0.38883,0.644822
580,488,0.761623,0.150363,,19.7246,12.5651,8.44424,0.791862,-0.438668,-0.424882
581,490,0.382304,0.138036,,19.3117,13.2843,8.00634,0.0970427,0.99528,0
582,490,0.786235,0.159356,,19.3999,13.1358,7.63029,0.27142,0.106202,-0.956584
583,493,0.603598,0.131208,,16.1844,7.08064,15.8032,0.491883,-0.368988,0.788606
584,493,0.280895,0.110409,,15.9106,7.17808,15.6271,-0.892149,-0.0991123,0.440735
585,494,0.346623,0.132802,,16.1611,7.70704,15.6747,0.240895,0.133863,0.961275
586,494,0.353258,0.0942745,,16.1101,7.86016,15.5128,-0.052654,0.998251,0.0268939
587,495,0.369446,0.0697707,,18.1146,5.92064,15.251,0.954403,0.150713,0.257685
588,495,0.173386,0.0828824,,17.9939,5.8464,15.1558,0.641928,-0.53522,-0.549061
589,497,0.267863,0.0724692,,16.4071,4.85344,13.2328,0,-0.623604,0.78174
590,497,1.13485,0.102173,,16.9036,4.6632,13.1043,0.874914,-0.482459,-0.0419444
591,498,0.229986,0.0927746,,15.9663,4.63072,12.771,-0.686131,-0.726304,0.0413049
592,498,0.112602,0.139507,,16.0638,4.67712,12.7283,0.329477,-0.659314,-0.675833
593,503,0.735082,0.084175,,14.0407,5.54016,12.6473,0.277793,-0.782715,0.556945
594,503,0.279989,0.0869351,,13.8458,5.72576,12.4664,-0.66288,-0.72917,0.170006
595,504,0.247323,0.157456,,14.1381,5.65152,11.9428,0.562828,-0.750436,-0.346511
596,504,0.465314,0.131314,,13.9293,5.61904,11.8477,-0.598304,-0.538475,-0.593361
597,506,0.0698559,0.0952857,,12.0037,7.5168,12.9901,0.133134,-0.265689,0.954822
598,506,0.111103,0.097488,,11.9713,7.48432,12.9329,-0.501332,-0.751736,-0.428439
599,507,0.44914,0.110448,,11.4051,7.82768,11.9381,-0.537248,-0.59919,0.593578
600,507,0.519689,0.173834,,11.2984,8.06896,11.7382,-0.874945,0.410707,-0.256499
601,509,0.527717,0.101319,,12.1894,6.46816,11.8762,0.158228,-0.9496,0.2706
602,509,0.25905,0.091282,,12.0316,6.68624,11.8524,-0.895581,-0.250762,0.367495
603,510,0.321808,0.179828,,11.9481,6.62128,11.2765,-0.375068,-0.778602,-0.503094
604,510,0.2682,0.109126,,12.0177,6.81616,11.2431,0.0689796,0.519015,-0.851977
605,514,0.188885,0.187284,,14.2217,5.36848,9.84369,-0.540542,-0.835218,-0.101121
606,514,0.255303,0.128623,,14.3377,5.43808,9.74374,0.508808,-0.0726978,-0.857805
607,515,0.987127,0.110123,,17.7063,5.41024,11.6572,0.225604,-0.018802,0.974038
608,515,0.31666,0.159818,,17.6274,5.2664,11.2003,0.205269,-0.967093,0.150318
609,517,2.65803,0.114475,,19.2142,5.26176,10.9908,0.652851,-0.293269,0.698411
610,517,0.197314,0.268593,MiRMB,18.4301,5.64688,10.0103,0.846364,-0.0470302,-0.530524
611,518,0.563513,0.139709,,17.8316,5.14576,9.73419,0.181186,-0.971619,-0.15208
612,518,0.341508,0.119999,,17.7434,5.4752,9.61994,-0.21727,0.326083,-0.920034
613,521,0.515941,0.12873,,16.2354,5.0576,9.95312,-0.0538814,-0.791409,0.608908
614,521,0.399063,0.156477,,16.2169,5.10864,9.67229,-0.16263,-0.767399,-0.620202
615,523,0.483559,0.0944357,,11.883,8.09216,9.55809,-0.594964,0.498967,0.630119
616,523,0.341156,0.0883062,,12.0177,8.13856,9.37244,-0.0542284,0.979259,-0.195218
617,524,0.222977,0.116791,,11.6697,7.56784,9.33439,0.125128,-0.873991,0.469555
618,524,0.21442,0.161577,,11.549,7.656,9.27724,-0.99524,-0.0865586,-0.0447704
619,525,0.0323687,0.216872,,12.7137,6.8672,8.69174,-0.571549,-0.573391,0.586988
620,525,0.975964,0.148529,,13.1405,6.63056,8.62514,0.855768,-0.503953,-0.117012
621,528,0.0501021,0.154108,,10.1663,10.0503,9.52954,-0.554859,-0.740485,0.379227
622,528,0.245924,0.0899052,,10.092,10.1431,9.47719,-0.716889,0.603847,-0.348482
623,529,0.515273,0.190495,,10.8345,8.70464,7.85399,-0.954641,0.0360187,0.295572
624,529,0.360152,0.249237,,11.0386,8.55152,7.67789,-0.232125,-0.798776,-0.555044
625,532,0.517842,0.0906687,,12.2821,9.23824,7.40654,0.412095,-0.483854,-0.772051
626,532,0.250982,0.106524,,12.1847,9.47488,7.54934,0.0741108,0.887395,-0.455013
627,533,0.569811,0.123531,,10.3612,10.9133,8.05869,-0.211824,0.977166,0.0166731
628,533,0.348239,0.152918,,10.2498,10.6396,8.08249,-0.986104,0.0267065,0.163969
629,534,0.154798,0.141164,,11.3541,11.1824,7.34469,-0.539411,0.839803,0.0613704
630,534,0.140831,0.155986,,11.4469,11.1267,7.29234,0.724983,0.132069,-0.675986
631,535,0.471772,0.247813,,9.73471,9.61872,6.58309,-0.826034,-0.41308,-0.383448
632,535,0.481815,0.162771,,10.092,9.63264,6.51644,0.674202,-0.346689,-0.652118
633,536,0.530668,0.224982,,9.95743,10.7369,6.43074,-0.769484,0.594534,0.23329
634,536,0.761607,0.33391,CaRMB,10.1059,10.6024,5.99284,-0.146139,0.0609239,-0.987386
635,540,0.596858,0.0711234,,13.7158,10.4539,6.19279,-0.21764,0.0777406,-0.972928
636,540,0.267153,0.0795583,,13.869,10.5235,6.44504,0.660297,0.694731,-0.28523
637,545,0.896099,0.0894333,,17.6135,10.2776,8.96784,-0.517801,0.383217,0.764871
638,545,1.1311,0.106129,,18.3002,10.2126,8.94404,0.803998,0.188755,0.563878
639,547,0.197778,0.192781,,18.9777,10.0827,7.75879,0.187584,-0.609775,0.770057
640,547,0.606665,0.215786,AcRMB,19.2561,10.143,7.62074,0.978957,0,-0.204067
641,548,0.0652449,0.140439,,18.4115,10.542,7.34469,0.283537,0.853696,-0.436817
642,548,0.215778,0.103883,,18.3373,10.505,7.27329,-0.602009,-0.085738,-0.793873
643,552,0.0482671,0.11251,,15.4838,11.4376,6.01189,0.192683,0.961319,-0.196822
644,552,0.188255,0.087735,,15.4188,11.3865,5.94999,-0.641151,-0.295877,-0.708084
645,554,1.25664,0.0938723,,22.1003,10.8668,11.7524,0.568661,-0.635108,0.522745
646,554,1.27992,0.0776396,,22.1931,10.8112,11.4097,0.703327,-0.710515,-0.022345
647,555,0.230704,0.14059,,21.2094,11.4236,10.096,0.764183,-0.643684,0.0411805
648,555,0.770784,0.114448,,21.2512,11.433,9.73422,0.337059,-0.16853,-0.926277
649,564,0.630687,0.115251,,17.5717,14.6856,7.63504,0.83877,0.544486,0
650,564,0.241336,0.138875,,17.284,14.6299,7.61124,-0.192264,0.961318,-0.197235
651,565,0.17545,0.0942887,,17.4418,13.6323,7.40179,0.370479,-0.10601,0.922771
652,565,0.627015,0.102705,,17.4929,13.3864,7.15904,0.266502,-0.814016,-0.516096
653,566,0.412345,0.126424,,17.4418,13.9571,6.47834,-0.4278,-0.405,-0.808061
654,566,0.49873,0.198194,,17.6924,14.0963,6.46409,0.651252,0.223369,-0.725243
655,572,0.317335,0.115029,,14.9223,15.3584,7.98729,0,0.877304,0.479935
656,572,0.497172,0.11364,,14.811,15.428,7.83499,-0.447934,0.83995,-0.306332
657,573,0.202085,0.133321,,15.9152,15.4048,6.76394,0.459214,0.643295,0.612613
658,573,0.447186,0.124237,,15.8178,15.5532,6.65924,-0.228094,0.954637,-0.19142
659,574,0.493804,0.135155,,15.9616,14.6438,6.46409,0.037463,-0.864514,-0.501211
660,574,0.730689,0.161094,,16.138,14.9362,6.28319,0.508015,0.215825,-0.833871
661,575,0.343805,0.112566,,14.347,13.8411,6.76874,-0.971771,0.0808586,0.221637
662,575,0.259567,0.155254,,14.5093,13.7066,6.68304,-0.0358298,-0.929623,-0.366765
663,576,0.713439,0.194088,,14.4258,14.9176,6.09279,-0.715408,0.507402,0.480349
664,576,0.0300744,0.329321,LMB,14.6763,14.7366,5.90714,-0.309241,0,-0.950984
665,579,0.154816,0.0836961,,19.6133,12.8528,8.88219,-0.179565,0,0.983746
666,579,0.532307,0.096029,,19.8638,12.9224,8.90599,0.889151,0.261502,0.375537
667,580,0.553036,0.0929527,,20.2628,12.4956,8.38714,0.855824,0.352419,0.378638
668,580,0.0920369,0.154889,,20.054,12.3702,8.25864,0.605195,-0.605195,-0.517182
669,581,0.229258,0.0944328,,19.4092,13.5303,8.06819,0.687877,0.485481,0.539567
670,581,0.485566,0.0992632,,19.3349,13.7066,7.93494,0.0191534,0.955586,-0.29409
671,582,0.291662,0.114573,,19.6504,13.1729,7.27804,0.986077,-0.031887,0.163202
672,582,0.152584,0.159831,,19.5112,13.1776,7.17809,0.0609517,0,-0.998141
673,583,0.306677,0.0857466,,16.291,7.0064,16.184,-0.272274,0.24208,0.93127
674,583,0.505092,0.130978,,16.5509,6.8904,16.1412,0.863604,-0.312339,0.395769
675,584,0.205503,0.0694575,,15.7343,7.21056,15.7652,-0.496831,0.451575,0.741107
676,584,0.250021,0.0778342,,15.7018,7.0992,15.7556,-0.667944,-0.519637,0.532755
677,585,0.650219,0.0996523,,16.3282,7.72096,16.1411,0.38541,-0.0285441,0.922304
678,585,0.382023,0.0952442,,16.1147,7.85088,15.9603,-0.46149,0.631585,0.622999
679,590,0.137441,0.059751,,17.4093,4.37552,13.1472,0.135334,-0.20256,0.969873
680,590,0.405846,0.0632928,,17.5949,4.33376,13.071,0.960466,-0.27439,-0.0470603
681,591,0.0573502,0.0630634,,15.9106,4.53328,12.7663,0.809066,-0.485441,-0.331299
682,591,0.0835475,0.0810682,,15.8688,4.51008,12.7806,-0.444057,-0.888599,0.114912
683,592,0.32999,0.134477,,16.1009,4.51008,12.5902,0.112427,-0.787419,-0.606079
684,592,0.187185,0.0652363,,16.0127,4.58432,12.7188,-0.743651,-0.59492,0.305047
685,595,0.307447,0.141669,,14.2448,5.41024,11.8857,0.241667,-0.96589,-0.0930234
686,595,0.22971,0.110695,,14.3144,5.57728,11.8619,0.929434,0.161595,-0.331721
687,596,0.199627,0.122383,,13.7298,5.41952,11.6811,-0.604125,-0.743786,-0.286035
688,596,0.167751,0.0996476,,13.7762,5.53552,11.6382,-0.165725,0.497881,-0.851264
689,600,1.11607,0.120324,,10.7695,8.64432,11.7,-0.54047,0.839807,0.0511613
690,600,0.0162135,0.191553,,11.0665,8.17104,11.6667,-0.573612,-0.572377,-0.585964
691,601,0.117184,0.0847763,,12.2218,6.20832,12.0047,-0.158729,-0.158383,0.974536
692,601,0.297246,0.0835046,,12.2682,6.07376,11.9524,0.249623,-0.967815,0.0319585
693,603,0.493707,0.125541,,11.9851,6.27328,11.1527,0.394767,-0.902234,-0.173585
694,603,0.064853,0.176516,,11.8692,6.47744,11.1765,-0.572061,-0.572369,-0.587486
695,605,0.392435,0.15038,,14.2217,5.104,9.79609,0.260172,-0.94589,-0.193916
696,605,0.430283,0.134359,,13.9711,5.22464,9.78654,-0.927297,-0.301941,-0.221249
697,608,0.828528,0.102289,,17.6274,4.70032,11.2288,-0.078453,-0.996852,0.0114656
698,608,0.711252,0.145174,,17.9058,4.91376,11.386,0.691454,-0.561038,0.455113
699,610,0.578132,0.255824,MiRMB,18.7734,5.55872,9.86273,0.898932,-0.288931,-0.329302
700,610,0.956822,0.156484,,18.6203,6.01808,9.68183,0.223136,0.785601,-0.577098
701,611,0.284945,0.129864,,17.8594,4.78384,9.80083,-0.162838,-0.618785,0.768497
702,611,0.066162,0.179008,,17.8965,4.8488,9.67229,0.420175,-0.70131,-0.575863
703,613,0.472867,0.121837,,16.2401,4.64,10.2102,0.0784573,-0.902749,0.422952
704,613,0.256393,0.0899178,,16.1705,4.88128,10.2245,-0.398219,0.217168,0.891213
705,614,0.744546,0.147412,,16.1519,4.5936,9.46764,-0.0873022,-0.97219,-0.217314
706,614,0.302384,0.101467,,16.2772,4.9648,9.42954,0.613791,0.0613787,-0.787079
707,618,0.279347,0.0838375,,11.3309,7.71632,9.32004,-0.797215,0.498305,0.340793
708,618,0.701718,0.148044,,11.1082,7.54,9.26294,-0.952234,-0.304168,-0.0270765
709,619,0.272458,0.160019,,12.6301,6.82544,8.81074,-0.545039,-0.238422,0.803796
710,619,0.836494,0.207938,,12.593,6.47744,8.56799,-0.26635,-0.909702,-0.318591
711,620,0.801739,0.115377,,13.8551,6.11552,8.55849,0.740766,-0.671341,-0.0238234
712,620,0.247827,0.097612,,13.6788,6.41248,8.56324,0.973664,0.224672,-0.0387354
713,621,0.254666,0.105794,,10.1524,9.95281,9.63899,0,-0.619556,0.784953
714,621,1.10433,0.114619,,9.66978,9.77185,9.47239,-0.87405,-0.470602,-0.120706
715,623,0.222397,0.129692,,10.607,8.7928,8.00629,0.166818,0.709366,0.684814
716,623,0.232195,0.159282,,10.4725,8.71392,7.93489,-0.999163,0,0.040914
717,624,0.343467,0.160083,,11.1267,8.29632,7.56364,0.756694,-0.648445,-0.0832693
718,624,0.734599,0.232349,,10.8344,8.12928,7.40179,-0.442146,-0.757963,-0.479581
719,628,0.238979,0.10931,,10.0735,10.5421,8.17294,-0.0389165,-0.854472,0.518038
720,628,0.155909,0.154062,,10.0038,10.6674,8.11579,-0.952741,0.297611,0.0609303
721,629,0.246371,0.0940056,,11.317,11.3309,7.43989,0.0373425,0.67784,0.73426
722,629,0.276798,0.0919088,,11.252,11.3495,7.27804,-0.436058,0.73736,-0.515901
723,630,0.217649,0.0987333,,11.5954,11.0896,7.25899,0.895018,-0.426376,0.130945
724,630,0.53276,0.113528,,11.665,11.2659,7.08289,0.626923,0.487649,-0.60759
725,631,0.584108,0.186087,,9.27536,9.52592,6.61639,-0.905653,0.0158862,0.423723
726,631,0.122512,0.245736,,9.51666,9.48416,6.44979,-0.37874,-0.605988,-0.699525
727,632,0.184246,0.1157,,10.3426,9.53056,6.37839,0.957418,-0.201469,0.206788
728,632,0.54147,0.111025,,10.3008,9.49808,6.09754,0.171386,-0.188525,-0.966998
729,633,0.279835,0.140275,,9.75791,11.0293,6.53074,0.0332347,0.961637,0.272303
730,633,0.383691,0.146095,,9.56766,10.9411,6.47834,-0.967443,0.241861,-0.0745397
731,634,0.986528,0.244053,,9.68373,10.5931,5.28839,-0.743152,-0.0658872,-0.665871
732,634,0.547708,0.293619,,10.1477,10.6905,5.36929,0.355847,0.23717,-0.903949
733,639,0.818216,0.0957571,,19.2329,10.0409,8.16814,0.578452,0.0453424,0.814455
734,639,1.20795,0.0982609,,19.1215,9.43312,7.87779,0.207458,-0.975668,0.0709465
735,640,0.473851,0.212293,,19.785,10.1012,7.58264,0.979212,-0.176216,0.100454
736,640,1.32918,0.111745,,19.7386,10.5884,7.10189,0.279271,0.670266,-0.687569
737,641,0.301574,0.0890505,,18.3698,10.6952,7.39704,-0.338223,0.830976,0.441683
738,641,1.0244,0.12327,,18.444,10.9365,6.97344,0.0452951,0.715642,-0.696997
739,643,0.245184,0.0785035,,15.4745,11.5304,6.10709,-0.113795,0.567739,0.815306
740,643,1.33855,0.0826213,,15.5673,11.9295,5.53589,0.117814,0.700237,-0.704122
741,647,0.270229,0.0830666,,21.2419,11.2659,10.1912,-0.412245,-0.617994,0.669431
742,647,0.163432,0.12637,,21.3672,11.3076,10.0912,0.851733,-0.510916,-0.116257
743,648,0.0681223,0.0979131,,21.4089,11.3727,9.35819,0.817652,0.136523,-0.559292
744,648,0.392643,0.0856456,,21.4136,11.2427,9.22964,0.165546,-0.638238,-0.751829
745,649,0.277032,0.0828098,,17.864,14.913,7.75879,0.201054,0.401761,0.893401
746,649,0.247712,0.0936814,,17.9522,14.8851,7.60174,0.936564,0.224859,-0.26886
747,650,0.267322,0.137691,,17.2933,14.8712,7.55414,0.243155,0.937447,-0.249137
748,650,0.333841,0.0906531,,17.1448,14.8248,7.67789,-0.694943,0.472679,0.541875
749,654,0.331408,0.141192,,17.9383,14.0128,6.31654,0.50391,-0.840053,0.200962
750,654,0.0462583,0.193149,,17.864,14.1613,6.26419,0.399956,0.402079,-0.823631
751,657,0.214677,0.0939849,,15.957,15.4466,6.93054,-0.0428556,-0.216139,0.975422
752,657,0.328773,0.109244,,16.0034,15.6229,6.86869,0.254279,0.931341,0.260666
753,658,0.654393,0.0943452,,15.6044,16.0497,6.59264,-0.496337,0.865077,-0.0727389
754,658,0.21391,0.0977387,,15.8132,15.8363,6.54979,0.433828,0.650743,-0.623159
755,659,0.269428,0.124212,,15.9662,14.2958,6.33559,-0.0345148,-0.998782,-0.0352599
756,659,0.370753,0.095458,,15.9848,14.319,6.19279,0.0752541,-0.600669,-0.795948
757,660,0.0531795,0.153025,,16.3236,14.9964,5.95949,0,-0.697652,-0.716437
758,660,0.528258,0.142031,,16.4628,15.1542,5.80244,0.527012,0.527014,-0.666719
759,662,0.390931,0.090575,,14.63,13.4699,6.73064,0.64078,-0.593456,0.487043
760,662,0.57491,0.134901,,14.4304,13.3307,6.52594,-0.2583,-0.887792,-0.380929
761,663,0.600391,0.0980798,,13.9433,15.08,6.45929,-0.757339,-0.0619596,0.650076
762,663,0.220724,0.147986,,14.1288,15.2007,6.25939,-0.3783,0.924682,-0.0430403
763,664,0.901271,0.30482,,14.3933,14.667,5.54539,-0.617794,-0.154449,-0.771023
764,664,0.939857,0.241759,,14.8805,14.8944,5.50254,0.444324,0.335796,-0.830552
765,668,0.658464,0.139841,,20.3046,12.2125,8.03014,0.676574,-0.394555,-0.621751
766,668,0.218902,0.124003,,20.0262,12.2542,8.20149,-0.508444,-0.805383,-0.304702
767,672,0.357261,0.0983368,,19.4695,13.0338,7.00674,-0.259755,-0.805293,-0.532945
768,672,0.779357,0.136189,,19.6179,13.1729,6.72589,0.261882,-0.0119332,-0.965026
769,674,0.222894,0.0962177,,16.7875,6.8208,16.3506,0.166454,0.0832678,0.982527
770,674,0.790832,0.106516,,17.1541,6.74656,16.303,0.973912,-0.164283,0.156544
771,683,0.617098,0.083941,,16.3421,4.18064,12.4141,0.721766,-0.64664,-0.2468
772,683,0.229128,0.121264,,16.0591,4.33376,12.4046,-0.526342,-0.405012,-0.747616
773,685,0.229784,0.0954169,,14.3005,5.18752,11.9571,0.161459,-0.646173,0.745917
774,685,0.69053,0.131049,,14.2959,4.9416,11.7429,0.0402597,-0.927288,-0.372178
775,687,0.495394,0.073485,,13.4607,5.2432,11.7382,-0.842966,-0.412117,0.345785
776,687,0.954886,0.0939852,,13.4978,5.01584,11.3526,-0.359624,-0.690009,-0.628138
777,689,0.354928,0.0734362,,10.4725,9.27536,11.8,0.0262005,0.915117,0.402336
778,689,0.535473,0.0731611,,10.3008,9.30784,11.6524,-0.623936,0.72788,-0.284421
779,690,1.15987,0.145656,,10.556,8.26384,11.3954,-0.872078,0.168019,-0.459619
780,690,0.320819,0.122503,,10.9736,8.04112,11.6144,-0.549531,-0.781,-0.296739
781,693,1.64592,0.0884246,,12.2729,5.30816,10.81,0.231178,-0.90211,-0.364356
782,693,0.191691,0.0719522,,12.1707,6.08304,11.0908,0.919709,0.338878,-0.198236
783,694,0.437863,0.137243,,11.6372,6.48208,11.1146,-0.974963,0.105969,-0.195495
784,694,0.770572,0.121925,,11.7578,6.16656,10.9242,-0.240861,-0.75871,-0.605265
785,695,0.479681,0.091854,,14.4072,4.756,9.87226,0.560996,-0.677117,0.476232
786,695,1.89529,0.101056,,13.9294,4.17136,9.28679,-0.362318,-0.788311,-0.497285
787,696,1.1762,0.105736,,13.3261,4.82096,9.55809,-0.757437,-0.575955,-0.307515
788,696,0.623096,0.0870049,,13.4792,5.2664,9.75324,-0.938379,0.342548,0.0458994
789,698,0.194402,0.139926,,18.2027,4.67248,11.6192,0.525203,-0.429626,0.734563
790,698,0.266484,0.111678,,18.2259,4.6168,11.4954,0.557259,-0.731301,-0.39327
791,699,0.285756,0.252906,MiRMB,19.1679,5.43344,9.74374,0.941714,-0.292279,-0.166575
792,699,0.469951,0.140849,,18.973,5.53552,9.54859,-0.256622,0.256707,-0.931798
793,700,0.793087,0.0846891,,18.9498,6.66768,9.22489,0.561603,0.690366,-0.456066
794,700,0.653898,0.0920547,,18.7596,6.68624,9.26294,0.09925,0.894084,-0.436765
795,701,0.158069,0.0930751,,17.8965,4.66784,9.95316,0.762959,-0.352254,0.542043
796,701,0.339488,0.0812784,,17.7805,4.54256,9.95791,-0.328143,-0.902064,0.280362
797,702,0.126818,0.171618,,17.9058,4.76528,9.63424,-0.0725533,-0.951289,-0.299643
798,702,0.238761,0.127038,,17.98,4.84416,9.55804,0.583011,0.155469,-0.797451
799,703,0.350887,0.10352,,16.3189,4.27808,10.3816,0.3437,-0.846313,0.40697
800,703,0.0713603,0.107721,,16.2261,4.41264,10.3054,-0.910878,-0.390135,-0.134524
801,705,0.400208,0.0968315,,16.2029,4.07392,9.47719,0.417282,-0.788389,0.452016
802,705,0.370543,0.146492,,16.073,4.06928,9.31059,-0.250444,-0.876551,-0.411018
803,708,0.896942,0.124566,,10.3426,7.55392,9.27249,-0.962202,0.269003,0.0424779
804,708,0.905972,0.130658,,10.4539,7.15952,9.08684,-0.706756,-0.604346,-0.367781
805,710,0.358316,0.213263,,12.4306,5.92528,8.42999,-0.284666,-0.95826,-0.0265143
806,710,0.512194,0.122493,,12.4166,6.08768,8.18719,-0.253615,-0.0362362,-0.966626
807,711,0.260073,0.0734992,,14.2819,5.8464,8.55369,0.999333,0,0.0365302
808,711,0.232375,0.0739623,,14.2124,5.74896,8.52989,0.519418,-0.838644,-0.163956
809,715,0.177812,0.095201,,10.6488,8.87632,8.16814,0.26095,0.0521911,0.96394
810,715,0.167271,0.0805424,,10.5978,8.95056,8.08244,-0.332396,0.94314,0
811,716,0.391967,0.162345,,10.1802,8.68608,8.02059,-0.899565,-0.142051,0.413043
812,716,0.273294,0.11097,,10.2544,8.70464,7.84924,-0.746813,-0.0679102,-0.661558
813,717,0.150851,0.0951796,,11.2891,8.17104,7.61599,0.430227,-0.184557,0.883653
814,717,0.569716,0.104187,,11.4701,8.10608,7.37799,0.749323,-0.276911,-0.601528
815,718,0.449136,0.241599,,10.57,7.66064,7.16379,-0.454427,-0.847137,-0.275417
816,718,0.593817,0.135823,,10.6302,7.92048,6.94004,-0.140616,0.234415,-0.961913
817,720,0.54517,0.124497,,9.66046,10.6628,8.15389,-0.987214,-0.102171,0.122347
818,720,0.124775,0.138509,,9.89246,10.737,8.10149,-0.594667,0.743731,-0.305344
819,723,0.0956533,0.0745195,,11.6974,11.0432,7.32084,0.0972286,0,0.995262
820,723,0.0611848,0.0854761,,11.7067,11.02,7.25899,0.456007,-0.758344,-0.465803
821,724,0.545397,0.0661066,,12.0872,11.4283,6.83059,0.935832,0.11918,-0.331685
822,724,0.261899,0.0748628,,11.8413,11.4376,6.79729,0.0710215,0.319207,-0.94502
823,725,0.152709,0.151364,,8.97376,9.47024,6.76869,-0.485895,-0.789997,0.373912
824,725,0.223821,0.143951,,8.95521,9.62336,6.76869,-0.497275,0.829237,0.255114
825,726,0.315416,0.137788,,9.52591,9.30784,6.47359,0.205761,-0.882643,0.422616
826,726,0.61426,0.224171,,9.32176,9.28928,6.20704,-0.559046,-0.513657,-0.650864
827,728,0.0820592,0.0913175,,10.3704,9.41456,5.82624,0.565446,-0.791618,-0.231541
828,728,0.293042,0.0784504,,10.324,9.42384,5.69294,-0.15834,-0.15834,-0.974606
829,729,0.222301,0.107338,,9.72546,11.2242,6.65449,-0.33378,0.542957,0.770577
830,729,0.20068,0.110783,,9.78111,11.2566,6.53549,0.184871,0.924853,-0.33237
831,730,0.184717,0.12994,,9.29391,10.9736,6.48784,-0.954433,-0.150504,0.257693
832,730,0.335736,0.112581,,9.28926,11.0943,6.37364,-0.552817,0.635917,-0.538519
833,731,0.35545,0.217423,,9.18721,10.5838,4.84094,-0.731185,0.130539,-0.669573
834,731,0.34163,0.158848,,9.34036,10.3982,4.91234,0.135819,-0.950736,-0.278664
835,732,0.392667,0.202356,,10.2684,10.9504,5.12649,0.118166,0.992699,0.0241936
836,732,0.623454,0.276446,,10.3798,10.7416,4.84089,0.431628,-0.0445897,-0.900949
837,735,0.609502,0.102365,,20.2026,10.1802,7.81589,0.609022,0.395898,0.687282
838,735,0.111922,0.215996,,20.0634,10.0317,7.59219,0.82915,-0.497662,-0.254642
839,738,0.206789,0.0812413,,18.5275,11.3541,6.54979,0.58369,0.493736,-0.644617
840,738,0.756395,0.0784789,,18.3837,11.5628,6.35464,-0.220784,0.687074,-0.692231
841,742,0.214686,0.086857,,21.5203,11.3216,10.1198,0.777879,0.5189,0.354468
842,742,0.728786,0.114806,,21.7152,11.0339,10.0436,0.764011,-0.636675,-0.104558
843,744,0.118603,0.0743604,,21.3951,11.0989,9.05824,-0.86086,-0.312807,-0.401338
844,744,0.859744,0.0656873,,21.7152,10.8483,8.88214,0.626001,-0.626001,-0.465023
845,747,0.508629,0.0899273,,17.3629,15.2378,7.59224,0.145882,0.948628,0.280754
846,747,0.210535,0.109448,,17.3583,15.0615,7.44464,0.30874,0.617,-0.723871
847,749,0.173363,0.078137,,18.0357,13.8457,6.43074,0.160366,-0.321293,0.933302
848,749,0.362434,0.061988,,18.1239,13.7251,6.36889,0.563415,-0.819459,0.105122
849,750,0.418968,0.142942,,18.0635,14.1891,6.15944,0.908182,0.0885506,-0.409101
850,750,0.412701,0.158569,,17.8919,14.2587,6.05949,0.0898952,0.427186,-0.899684
851,752,0.374351,0.0901828,,16.0638,15.9152,7.03529,0.0991043,0.743685,0.661144
852,752,0.170873,0.0970736,,16.1009,15.8363,6.88774,0.651357,0.705785,-0.278571
853,757,0.275905,0.0949041,,16.2958,14.9361,5.81194,-0.201882,-0.30264,-0.931479
854,757,0.259491,0.092262,,16.3978,14.8804,5.89764,0.571886,-0.751084,-0.329878
855,758,0.0815744,0.134683,,16.6159,15.3305,5.63584,0.340812,0.910822,0.232917
856,758,0.292365,0.134236,,16.6716,15.2934,5.49779,0.476118,0,-0.879381
857,760,0.358182,0.073012,,14.3748,12.9038,6.46404,0.103578,-0.958451,0.265787
858,760,0.715131,0.0897568,,14.3237,12.8064,6.18324,-0.0908931,-0.752588,-0.652188
859,762,0.627148,0.101381,,14.0824,15.6043,6.34034,-0.0148294,0.961814,0.273301
860,762,0.695391,0.109979,,13.8922,15.544,6.09754,-0.560548,0.693998,-0.451832
861,763,0.613991,0.17395,,13.9525,14.3932,5.35979,-0.528997,-0.664993,0.527206
862,763,0.0519082,0.300301,,14.1056,14.602,5.17414,-0.356386,0.179167,-0.916999
863,764,0.141357,0.194817,,15.1125,14.9919,5.08369,0.328247,-0.853865,-0.40394
864,764,0.266491,0.216073,,15.0986,15.1496,5.02179,0.0697942,0.730979,-0.678821
865,765,0.383071,0.0866902,,20.6805,12.0965,7.93969,0.799329,0.0725728,0.596495
866,765,0.124656,0.165025,,20.5598,12.0454,7.78734,0.520644,-0.596039,-0.611283
867,768,0.989453,0.0771545,,20.0216,12.8807,6.08329,0.609631,-0.581432,-0.538783
868,768,0.958179,0.119428,,19.7896,13.2193,5.87859,0.145276,0.106557,-0.983636
869,770,0.181482,0.0851959,,17.5764,6.71408,16.4411,0.409412,0.357942,0.839202
870,770,0.635512,0.0667708,,17.8454,6.59808,16.3506,0.963788,-0.262843,-0.0450042
871,772,0.7903,0.0838207,,15.9524,3.99504,12.0571,-0.117424,-0.73977,-0.662534
872,772,0.220395,0.0815656,,15.971,4.32448,12.219,-0.252729,0.336849,-0.907007
873,774,0.189801,0.0881812,,14.3284,4.55648,11.681,0.195467,-0.684506,0.702313
874,774,0.100131,0.132815,,14.3098,4.58896,11.5763,0,-0.648752,-0.761
875,777,0.0579514,0.0677875,,10.4725,9.43776,11.9,-0.160467,0,0.987041
876,777,0.122065,0.0659,,10.4679,9.49808,11.8714,-0.152374,0.988323,0
877,779,1.07482,0.0858326,,9.63268,8.34736,10.7909,-0.777096,-0.0259026,-0.628848
878,779,0.965042,0.094009,,9.76258,8.7232,10.9908,-0.596285,0.750061,-0.286101
879,783,0.21026,0.103879,,11.3356,6.50992,11.1289,-0.838485,0.0441367,0.543135
880,783,0.837104,0.119512,,11.0618,6.52384,10.8623,-0.864649,0.0443432,-0.500416
881,784,1.10831,0.093282,,11.3866,5.54944,10.3387,-0.502386,-0.586117,-0.63567
882,784,0.19437,0.0928397,,11.665,5.93456,10.6148,0,0.620672,-0.78407
883,789,0.384993,0.0909101,,18.2955,4.57968,11.8715,0.216887,-0.265149,0.939498
884,789,1.07076,0.085452,,18.625,4.64464,12.0762,0.69334,0.0259999,0.720142
885,791,0.793955,0.13538,,19.3628,5.07616,9.95317,0.152022,-0.794805,0.587515
886,791,0.184589,0.254701,MiRMB,19.386,5.40096,9.68184,0.905249,0.10055,-0.412812
887,797,0.508668,0.149424,,17.9569,4.45904,9.58189,0.218809,-0.966917,-0.131127
888,797,0.259177,0.0877093,,17.8084,4.70496,9.52479,-0.716115,0,-0.697982
889,799,0.306487,0.0955502,,16.3839,4.02752,10.5672,0.0303446,-0.666129,0.745219
890,799,0.265391,0.0664782,,16.4488,4.01824,10.4339,0.524509,-0.839214,-0.143562
891,802,0.862074,0.0846697,,16.2029,3.56816,9.03449,0.409014,-0.785826,-0.463881
892,802,0.908354,0.117949,,15.7667,3.58672,9.04404,-0.572134,-0.704923,-0.41922
893,803,0.307737,0.1062,,9.78111,7.75344,9.31534,-0.844553,0.512646,0.154677
894,803,0.133505,0.0989047,,9.85536,7.65136,9.26299,-0.834432,-0.347554,-0.427703
895,804,0.914025,0.085343,,9.88788,6.5656,8.70604,-0.538103,-0.700549,-0.468696
896,804,0.225516,0.0896748,,10.0363,6.92288,8.87739,-0.864415,0.329201,-0.380017
897,805,0.364403,0.149984,,12.2125,5.73968,8.49664,-0.916841,-0.0763993,0.391875
898,805,0.18942,0.20021,,12.3888,5.66544,8.39189,0.0976683,-0.930842,-0.352128
899,811,0.203914,0.126668,,10.0131,8.5608,8.13009,0.0907259,-0.955697,0.280021
900,811,0.102055,0.170812,,9.95748,8.66752,8.12059,-0.909699,0.181858,0.373331
901,815,0.359039,0.204351,,10.4957,7.29408,7.12099,0.155135,-0.982177,0.106116
902,815,0.527069,0.191719,,10.2406,7.38224,7.00199,-0.862697,-0.33453,-0.379268
903,823,0.292756,0.0904798,,8.99696,9.40528,6.93054,0.411946,-0.0316995,0.910657
904,823,0.3696,0.128566,,8.77426,9.33568,6.84484,-0.878787,-0.40173,0.257576
905,824,0.331059,0.088786,,8.79746,9.79968,6.89724,-0.616808,0.504562,0.604123
906,824,0.367404,0.104393,,8.73251,9.77184,6.74489,-0.909352,0.303101,-0.284971
907,826,0.403167,0.142713,,9.28001,9.10832,5.85479,0.644647,-0.115089,-0.755768
908,826,0.348087,0.225183,,9.03406,9.04336,5.91194,-0.666498,-0.50654,-0.54699
909,831,0.344671,0.0920627,,9.09441,10.9875,6.64019,-0.646123,0.161604,0.745928
910,831,0.344428,0.10665,,9.03406,10.9504,6.50214,-0.997016,-0.0540012,-0.0551641
911,833,0.139578,0.208024,,8.99231,10.5978,4.69814,-0.930661,-0.132545,-0.34103
912,833,0.581254,0.104444,,9.00621,10.8576,4.58389,-0.175654,0.862272,-0.475007
913,834,0.190789,0.0848619,,9.36816,10.194,4.95039,0.0482212,-0.437655,0.897849
914,834,0.081771,0.118861,,9.36816,10.2126,4.83139,0.112511,-0.567439,-0.815692
915,835,0.366038,0.0993045,,10.4122,11.2566,5.21219,0.658946,0.608406,0.442303
916,835,0.259513,0.121613,,10.2406,11.2566,5.08844,-0.39343,0.858145,-0.329848
917,836,0.691615,0.128418,,10.5003,10.4493,4.35539,-0.0403414,-0.805072,-0.591803
918,836,0.0761256,0.27478,,10.5375,10.7463,4.53624,0.60952,0.48735,-0.62528
919,838,0.510442,0.112243,,20.1191,9.76718,7.67314,0.0362419,-0.927119,0.37301
920,838,0.555636,0.197362,,20.3743,9.95742,7.50654,0.951882,-0.166944,-0.257002
921,842,0.96073,0.0784651,,22.3138,10.4956,10.1911,0.666471,-0.637536,0.386477
922,842,0.913286,0.082549,,22.2256,10.4818,9.77702,0.508054,-0.701095,-0.500347
923,846,0.388467,0.088794,,17.465,15.2842,7.28279,0.382013,0.812168,-0.440964
924,846,0.0933345,0.0817821,,17.3722,15.1264,7.32564,-0.398576,0,-0.917135
925,849,0.197921,0.103364,,18.3187,14.2494,6.13564,0.656323,0.421886,0.625502
926,849,0.440534,0.121304,,18.3883,14.1427,5.91189,0.610849,-0.294869,-0.734789
927,850,0.37318,0.0964459,,17.929,14.5325,5.86909,0.0996812,0.994694,-0.025457
928,850,0.790458,0.133759,,17.9754,14.4304,5.49304,0.164461,0.21127,-0.963492
929,855,0.432601,0.0900662,,16.7505,15.5254,5.73104,0.557786,0.72931,0.396208
930,855,0.525177,0.0782405,,16.6298,15.6229,5.58349,0,0.971865,-0.23554
931,856,0.400778,0.0842535,,16.7319,15.1635,5.21694,-0.0464061,-0.648239,-0.760021
932,856,0.866713,0.100334,,16.9546,15.4001,5.00749,0.492435,0.246333,-0.834762
933,861,0.212468,0.101632,,13.7066,14.1567,5.57874,-0.786,-0.30546,0.537493
934,861,0.197531,0.096404,,13.8551,14.1149,5.51684,0.657618,-0.751783,-0.0485983
935,862,0.70212,0.30178,,13.9618,14.6252,4.82664,-0.383411,0.0528398,-0.922065
936,862,0.663201,0.177824,,13.7716,14.602,5.21699,-0.979492,-0.0140232,0.200995
937,863,0.416001,0.107396,,15.2193,14.7459,5.09799,0.401682,-0.892307,0.206009
938,863,0.522185,0.115837,,15.0708,14.7413,4.88854,-0.248762,-0.728671,-0.638088
939,864,0.286883,0.168608,,15.0986,15.3862,4.96469,-0.0648332,0.970433,0.232499
940,864,0.595344,0.190091,,15.2192,15.298,4.66004,0.374069,0.171498,-0.911406
941,866,1.10786,0.106871,,20.9867,11.6279,7.66834,0.712003,-0.68682,-0.146047
942,866,1.08694,0.105392,,20.7269,11.9527,7.22564,0.247577,-0.102397,-0.963442
943,868,0.558168,0.0585397,,20.0309,13.1451,5.22649,0.615229,-0.448969,-0.648013
944,868,0.641209,0.068753,,19.8685,13.3539,5.09794,0.0290084,0.260445,-0.965053
945,874,0.279505,0.109631,,14.398,4.45904,11.4906,0.630758,-0.697233,-0.340604
946,874,0.711657,0.0912678,,14.1288,4.35232,11.3098,-0.508532,-0.57376,-0.642024
947,880,0.328003,0.102607,,10.5514,6.612,10.6529,-0.905481,0.424388,0
948,880,0.406337,0.079103,,10.6024,6.43568,10.5101,-0.47965,-0.525278,-0.702864
949,886,0.0587111,0.240019,,19.4973,5.41952,9.64374,0.948718,0.316123,0
950,886,0.506496,0.144097,,19.4556,5.23856,9.45809,-0.055082,-0.677913,-0.733076
951,887,0.303568,0.11339,,18.1378,4.1296,9.52949,0.825511,-0.550255,-0.125508
952,887,0.432368,0.125383,,17.9615,4.05072,9.41529,-0.236142,-0.751212,-0.616374
953,892,0.356241,0.0788336,,15.3491,3.2248,8.78224,-0.885637,-0.234448,-0.40085
954,892,0.500081,0.0641528,,15.544,3.1088,8.66324,0.148575,-0.630937,-0.761475
955,897,0.171551,0.101695,,12.0455,5.7304,8.65369,0,0.0540959,0.998536
956,897,0.994803,0.111422,,11.563,5.60512,8.56804,-0.970141,-0.242541,0
957,898,0.271247,0.152298,,12.5048,5.49376,8.36329,0.787106,-0.615822,0.0350253
958,898,0.560623,0.155786,,12.2729,5.34528,8.26334,-0.446824,-0.827651,-0.339621
959,900,0.293851,0.12562,,9.82291,8.64896,8.25384,-0.599964,-0.189481,0.777265
960,900,0.458517,0.131317,,9.69761,8.76032,8.13484,-0.931045,0.364304,-0.0209364
961,901,0.0324258,0.175513,,10.5143,7.10848,7.14954,-0.573602,-0.572396,0.585955
962,901,0.453949,0.114244,,10.6999,7.08064,7.00199,0.776739,-0.163543,-0.608218
963,902,0.148036,0.182794,,9.95283,7.25232,6.91154,-0.815611,-0.564186,0.128347
964,902,0.399137,0.111781,,9.99458,7.3312,6.70684,-0.0933013,0.186002,-0.97811
965,904,0.561898,0.103092,,8.42626,9.14544,7.06859,-0.660619,-0.412887,0.626982
966,904,0.227636,0.101886,,8.52371,9.25216,6.82104,-0.774483,-0.0815356,-0.627318
967,908,0.530694,0.167562,,8.82526,8.71856,5.74059,-0.349731,-0.891812,-0.286982
968,908,0.518577,0.164114,,8.73711,8.95056,5.63109,-0.697872,-0.0178955,-0.715999
969,911,0.352913,0.145144,,8.77886,10.5932,4.76954,-0.841567,0.0263528,0.53951
970,911,0.710185,0.192566,,8.75566,10.4911,4.37919,-0.483536,-0.274435,-0.831191
971,914,0.154239,0.0831158,,9.44701,10.1708,4.78854,0.962792,-0.240534,-0.123186
972,914,0.508674,0.0953411,,9.34496,10.0177,4.61244,-0.109304,-0.674931,-0.72974
973,916,0.220983,0.100966,,10.1013,11.4191,5.08844,-0.797799,0.462028,0.387359
974,916,0.140831,0.0996849,,10.1802,11.4191,4.99804,-0.132069,0.724983,-0.675986
975,918,0.731585,0.196536,,10.9134,10.7045,4.58864,0.96407,-0.164847,0.208315
976,918,0.684096,0.22626,,10.5839,10.8576,4.18404,0.0678255,0.271307,-0.9601
977,920,0.356562,0.185707,,20.8011,9.84144,7.45894,0.910917,-0.390395,0.133496
978,920,0.664476,0.0884232,,20.7408,10.1245,7.20189,0.307308,0.6424,-0.702057
979,925,0.171553,0.0702351,,18.3837,14.2866,6.28319,0,-0.0542066,0.99853
980,925,0.360171,0.0840433,,18.5229,14.384,6.26419,0.772967,0.515311,0.370103
981,926,0.168947,0.0938452,,18.5554,14.0036,5.72624,0.38474,-0.878973,-0.281747
982,926,0.328447,0.11131,,18.6482,14.1335,5.65964,0.762988,0.338869,-0.55047
983,928,0.192956,0.0878983,,18.0357,14.4443,5.04559,-0.0481987,-0.721409,-0.69083
984,928,0.121083,0.129158,,18.0682,14.5464,5.06939,0.459199,0.536827,-0.70778
985,935,0.664882,0.227421,,13.7484,14.37,4.33159,-0.237184,-0.823454,-0.51543
986,935,0.837293,0.215433,,13.6741,14.9036,4.21259,-0.365702,0.620691,-0.693545
987,936,0.26979,0.0977706,,13.3633,14.6438,5.37884,-0.619371,0.343972,0.705735
988,936,0.293947,0.0999302,,13.3076,14.5696,5.24554,-0.947112,-0.189151,-0.259231
989,939,0.247416,0.101855,,15.0986,15.5579,5.11704,0.0751749,0.262713,0.961941
990,939,0.223609,0.137678,,15.0661,15.6322,4.97424,-0.207505,0.954791,-0.212873
991,940,0.280509,0.10537,,15.2703,15.2656,4.29354,-0.429931,-0.595345,-0.678766
992,940,0.22751,0.186199,,15.377,15.4001,4.29829,0.407894,0.448768,-0.795129
993,941,0.756224,0.0623631,,21.6456,10.9783,7.61124,0.699529,-0.711826,0.062944
994,941,0.602925,0.0595037,,21.4785,11.1592,7.31614,0.323258,-0.292574,-0.899947
995,942,0.221589,0.0721618,,20.9264,11.832,6.64019,0.586669,-0.586673,-0.558242
996,942,0.153701,0.081574,,20.8661,11.9062,6.62589,0.0605084,0.120359,-0.990885
997,945,0.46383,0.103124,,14.5557,4.16672,11.3383,0.300111,-0.840308,-0.451459
998,945,0.17064,0.0504568,,14.5603,4.40336,11.4383,0.870252,0.489452,-0.0556702
999,947,0.0783166,0.0833118,,10.3937,6.6816,10.6909,-0.236213,0,0.971701
1000,947,0.506494,0.0610527,,10.1894,6.75584,10.5387,-0.842932,0.293153,-0.45114
1001,949,1.66246,0.108747,,20.0959,5.35456,10.2435,0.686571,-0.0893132,0.721556
1002,949,0.792338,0.218776,,19.8546,5.57264,9.47714,0.831464,0.363077,-0.420527
1003,950,0.92824,0.107291,,19.4973,4.69104,9.00589,0.120011,-0.809791,-0.574313
1004,950,0.129806,0.0982444,,19.4277,5.0808,9.21059,-0.214177,0.214471,-0.952959
1005,952,0.480089,0.12351,,17.9243,3.70736,9.12494,0.0581117,-0.75386,-0.654461
1006,952,0.0971674,0.100175,,17.8965,3.9208,9.24869,-0.2861,0.668537,-0.686444
1007,957,0.265401,0.0974443,,12.6812,5.43808,8.47754,0.524489,0.209795,0.825165
1008,957,0.998472,0.12642,,12.9549,5.04832,8.34904,0.687751,-0.724948,-0.0380583
1009,958,0.0765344,0.145142,,12.1383,5.07616,8.16814,-0.243034,-0.970018,0
1010,958,0.162796,0.109805,,12.1151,5.15504,8.10629,-0.399277,0.513038,-0.759849
1011,959,0.232707,0.0805385,,9.76256,8.64896,8.47754,0.238928,0.239268,0.941097
1012,959,0.526881,0.0910749,,9.49811,8.60256,8.48229,-0.898306,-0.0704539,0.433685
1013,960,0.52059,0.0907798,,9.24751,8.73712,8.11104,-0.909161,-0.409997,-0.0729944
1014,960,0.516951,0.112573,,9.28001,8.98768,8.19669,-0.789824,0.556495,0.257858
1015,961,0.172402,0.15222,,10.505,7.08992,7.24474,0,-0.107655,0.994188
1016,961,0.687051,0.152417,,10.4818,6.76048,7.10669,-0.0675351,-0.98601,-0.15239
1017,963,0.471476,0.136423,,9.67901,7.2152,7.02099,-0.905454,0.0196833,0.423988
1018,963,1.23247,0.144489,,9.52591,6.844,6.58784,-0.59482,-0.594837,-0.540702
1019,967,0.0404979,0.159636,,8.71856,8.468,5.65964,-0.686445,-0.687458,-0.237053
1020,967,0.186987,0.130973,,8.81136,8.43552,5.64539,0.843906,-0.496291,-0.203758
1021,968,0.397106,0.11438,,8.37521,9.01552,5.48829,-0.911345,0.350537,0.215812
1022,968,0.303976,0.145544,,8.48656,8.90416,5.31694,-0.457932,-0.274759,-0.845462
1023,969,0.174202,0.103408,,8.60716,10.5468,4.93139,-0.266357,-0.586102,0.765204
1024,969,0.291373,0.0847974,,8.56076,10.7184,4.90759,-0.477736,0.827804,0.294125
1025,970,0.649068,0.133127,,8.36591,10.1709,3.99364,-0.671887,-0.686277,-0.278554
1026,970,0.258551,0.174611,,8.54686,10.3983,3.96029,-0.286983,0.035967,-0.95726
1027,974,0.075941,0.0890359,,10.1941,11.4794,4.92184,0.611002,0.243602,-0.753216
1028,974,0.0629881,0.0816045,,10.1431,11.484,4.94564,-0.884298,0.441347,-0.152412
1029,975,0.0752066,0.179658,,11.2984,10.6442,4.68384,0.862961,0,0.50527
1030,975,0.291186,0.110663,,11.2938,10.5421,4.56484,0.190944,-0.701272,-0.686847
1031,976,0.425253,0.157713,,10.4957,10.9597,3.67474,-0.523686,0.0437375,-0.850788
1032,976,0.716546,0.14454,,10.8715,11.0711,3.64619,0.738125,0.336754,-0.58461
1033,977,0.437567,0.0880297,,20.9217,9.5584,7.50654,-0.190828,-0.975577,0.108784
1034,977,0.349348,0.18791,,21.1305,9.7208,7.48274,0.956356,-0.292203,0
1035,982,0.981576,0.0775509,,18.9637,14.1752,5.11704,0.387641,-0.0283224,-0.921375
1036,982,0.213738,0.0831031,,18.8663,14.2401,5.58349,0.868353,0.477685,0.133341
1037,984,0.130484,0.10228,,18.1192,14.63,5.05989,0.355599,0.782465,0.511173
1038,984,0.263994,0.119757,,18.1285,14.6114,4.90279,0.246212,0.245837,-0.93752
1039,985,0.395085,0.164546,,13.7066,13.9061,4.19834,0.187807,-0.963083,0.19287
1040,985,0.582421,0.155135,,13.5071,14.0174,3.93174,-0.557673,-0.270767,-0.784656
1041,986,0.224708,0.167438,,13.4699,15.2284,3.99839,-0.454369,0.578083,0.677768
1042,986,0.0403063,0.189886,,13.5257,15.1681,3.90319,0.230739,0.230739,-0.945261
1043,990,0.480339,0.108018,,15.1635,15.943,4.98849,0.502353,0.850024,0.15843
1044,990,0.324597,0.125256,,14.978,15.8781,4.89804,-0.400188,0.857677,-0.322861
1045,992,0.374791,0.137812,,15.5951,15.4744,4.13644,0.916244,0.123803,-0.381012
1046,992,0.445645,0.13702,,15.4095,15.5486,4.00794,-0.0623807,0.437345,-0.897128
1047,997,0.273121,0.0754025,,14.7042,3.86048,11.2288,0.577765,-0.815462,-0.0347815
1048,997,0.14678,0.0800071,,14.5882,3.93008,11.186,-0.505524,-0.569016,-0.648588
1049,1002,0.370806,0.196572,,20.3557,5.76288,9.25819,0.926089,0.250266,-0.282358
1050,1002,1.44902,0.0976063,,20.2675,6.37072,9.01069,0.11525,0.903013,-0.413867
1051,1005,0.805715,0.071637,,17.7387,3.3176,8.68699,-0.495336,-0.518298,-0.697144
1052,1005,0.475551,0.0724399,,18.1146,3.49856,8.81074,0.741456,-0.117085,-0.660708
1053,1008,0.428523,0.0794821,,13.5071,4.64464,8.35384,0.974513,-0.194902,0.111079
1054,1008,1.09383,0.0774512,,13.4143,4.17136,8.18724,0.2121,-0.941722,-0.261102
1055,1009,0.167896,0.12041,,12.129,4.988,8.23479,0,-0.607994,0.793942
1056,1009,0.475553,0.143516,,12.0315,4.84416,8.07294,-0.409837,-0.819592,-0.400377
1057,1015,0.269992,0.0977095,,10.4539,7.02032,7.43989,-0.378161,-0.446828,0.810765
1058,1015,0.250255,0.0962946,,10.5375,7.14096,7.43514,0.259734,0.48207,0.836748
1059,1016,0.254568,0.156182,,10.4354,6.30112,7.08764,-0.18227,-0.947804,0.261621
1060,1016,0.238904,0.100351,,10.4633,6.43104,6.93534,0.0389288,0.077688,-0.996217
1061,1017,0.24688,0.0918695,,9.44236,7.19664,7.23994,-0.187946,-0.187946,0.96403
1062,1017,0.633242,0.103175,,9.16396,7.28944,7.18759,-0.952558,0.219821,0.210504
1063,1018,0.422933,0.0788501,,8.95521,6.50528,6.30224,-0.965401,0.131653,0.225095
1064,1018,0.231948,0.133962,,9.12226,6.39392,6.18324,-0.319898,-0.720161,-0.615657
1065,1019,0.232731,0.102636,,8.67681,8.42624,5.76434,-0.239334,-0.239243,0.941001
1066,1019,0.396703,0.155544,,8.58401,8.3056,5.60249,-0.608265,-0.74857,-0.263926
1067,1022,0.294954,0.106065,,8.47726,8.88096,5.05514,0.40888,0.12585,-0.903869
1068,1022,2.08292,0.10974,,7.81841,8.50976,4.41254,-0.574722,-0.338602,-0.745012
1069,1025,0.0674272,0.109405,,8.12001,9.94816,3.92224,-0.826067,0,0.563572
1070,1025,0.190011,0.10601,,8.12466,9.86928,3.85564,-0.244191,-0.830269,-0.501023
1071,1026,0.559436,0.145794,,8.40766,10.4446,3.57949,-0.36501,0.149257,-0.918961
1072,1026,0.236472,0.107815,,8.47266,10.5142,3.85084,-0.313778,0.941762,0.120945
1073,1029,0.428698,0.132458,,11.3773,10.4493,4.77904,0.21647,-0.909266,0.355495
1074,1029,0.0393855,0.162566,,11.3449,10.6581,4.70284,0.708377,0.705834,0
1075,1031,0.348649,0.103583,,10.3287,10.8158,3.43194,-0.319521,-0.878534,-0.355085
1076,1031,0.235978,0.142596,,10.3334,11.0479,3.42244,-0.432668,0.668284,-0.60514
1077,1032,0.295764,0.101332,,11.1732,11.0525,3.40339,0.251216,-0.941293,-0.225518
1078,1032,0.292079,0.156036,,11.2288,11.2334,3.33199,0.635446,0.285882,-0.717272
1079,1034,0.315955,0.107531,,21.3672,9.70224,7.62079,0.440569,0.2056,0.873858
1080,1034,1.31184,0.159229,,21.7523,9.20576,7.39229,0.693227,-0.707404,-0.137898
1081,1038,0.419089,0.0704308,,18.3095,14.6346,4.63149,0.708682,-0.0441419,-0.704146
1082,1038,1.00121,0.0843732,,18.2074,14.8062,4.30779,0.0926884,0.324409,-0.941365
1083,1039,0.184186,0.10272,,13.702,13.7019,4.31734,-0.453347,-0.150938,0.878461
1084,1039,0.087514,0.133577,,13.7669,13.6787,4.23644,0.530202,-0.847872,0
1085,1040,0.285996,0.104558,,13.2194,13.9989,3.73659,-0.876236,0.421687,0.23322
1086,1040,0.0132945,0.124533,,13.3493,13.9386,3.69849,0.699553,0,-0.714581
1087,1041,0.215504,0.11709,,13.3122,15.2888,4.08884,-0.990235,-0.042691,0.132711
1088,1041,0.362963,0.0988588,,13.4189,15.4697,4.11739,0,0.971726,0.236112
1089,1042,0.397291,0.120131,,13.6974,15.1079,3.79849,0.840944,-0.326964,-0.43117
1090,1042,0.737444,0.174629,,13.47,15.3074,3.54619,-0.163673,0.364909,-0.916544
1091,1044,0.405276,0.0896374,,14.7692,16.1518,4.89324,-0.709885,0.663992,0.2349
1092,1044,0.325768,0.097465,,14.8666,16.1286,4.73619,-0.284866,0.683617,-0.671952
1093,1045,0.0772162,0.110158,,15.7853,15.4651,4.07454,0.480467,-0.841787,0.246063
1094,1045,0.383194,0.120892,,15.9014,15.5997,3.97459,0.702256,0.532891,-0.472085
1095,1046,0.196954,0.0908769,,15.3399,15.5997,3.74139,-0.565618,-0.471177,-0.676808
1096,1046,0.340062,0.128493,,15.4095,15.7667,3.68904,0.0817486,0.709575,-0.699872
1097,1049,0.816639,0.102902,,20.7872,5.83248,9.51999,0.636269,0.0568183,0.769372
1098,1049,0.067118,0.203955,,20.5506,5.80464,9.18204,0.691321,-0.13826,-0.709196
1099,1056,0.213758,0.101132,,11.832,4.63536,8.00629,-0.954821,-0.130241,0.267124
1100,1056,0.201447,0.139262,,11.9248,4.55648,7.93969,-0.0918372,-0.921335,-0.377766
1101,1059,0.278833,0.109285,,10.4447,6.11552,7.23994,0.233113,-0.465941,0.853556
1102,1059,0.661552,0.146314,,10.3565,5.85568,7.09239,-0.168391,-0.981934,-0.0863127
1103,1064,0.10424,0.113702,,9.08976,6.25936,6.10234,0.088259,-0.97928,-0.182268
1104,1064,0.191199,0.10628,,9.02481,6.27792,6.04519,-0.631278,-0.339751,-0.697178
1105,1066,0.57586,0.105285,,8.28241,8.03184,5.73579,-0.62845,-0.435105,0.644775
1106,1066,0.456393,0.152341,,8.39376,7.98544,5.41689,-0.305,-0.752333,-0.583926
1107,1070,0.267383,0.0740548,,8.16641,9.68368,3.76044,0.48582,-0.798256,-0.356043
1108,1070,1.32055,0.0620559,,7.73951,9.41456,3.40344,-0.54818,-0.569216,-0.612774
1109,1071,0.156921,0.145936,,8.26846,10.4678,3.25584,-0.472847,-0.236424,-0.848834
1110,1071,0.374106,0.0952347,,8.32876,10.6535,3.24154,0.124029,0.893064,-0.432497
1111,1073,1.148,0.09203,,11.7717,9.976,5.21699,0.606274,-0.485019,0.630229
1112,1073,0.3013,0.0940116,,11.3913,10.1152,4.80764,-0.215401,-0.923996,-0.315964
1113,1074,0.511839,0.134553,,11.6094,10.7184,4.72664,0.979019,0.181307,0.0929985
1114,1074,0.372058,0.102568,,11.3449,10.8251,4.80759,-0.0749876,0.82299,0.563085
1115,1076,0.526147,0.102542,,10.0595,11.2659,3.36534,-0.846799,0.529129,0.0543579
1116,1076,0.867992,0.136907,,10.1384,11.136,2.94169,-0.331501,0.0214282,-0.943212
1117,1078,0.963864,0.0793003,,11.7856,11.3587,3.12729,0.962792,0.173261,-0.207395
1118,1078,1.18704,0.074847,,11.5629,11.433,2.70844,0.406559,0.265788,-0.874109
1119,1080,0.285276,0.0882473,,22.2998,8.7,7.40179,0.650592,-0.292769,0.700725
1120,1080,0.0941198,0.150525,,22.2116,8.70464,7.27329,0.0987925,-0.78879,-0.606672
1121,1082,0.165109,0.0602409,,18.328,14.9547,3.80324,0.899411,-0.168377,-0.403372
1122,1082,0.372829,0.0545709,,18.2259,15.0568,3.67469,-0.149399,0.47314,-0.868227
1123,1084,0.237523,0.133714,,13.8365,13.5349,4.26024,0.3907,-0.898439,0.200401
1124,1084,0.193536,0.0927303,,13.8783,13.6694,4.20784,0.910943,0.287804,-0.295552
1125,1085,0.0748421,0.0711206,,13.1126,14.0917,3.76994,0.495708,0.868489,0
1126,1085,0.381203,0.06836,,12.9317,14.1335,3.70329,-0.852038,0.389555,-0.349682
1127,1086,0.247227,0.075684,,13.4328,13.9386,3.59854,0.637873,0,-0.770141
1128,1086,0.547145,0.0919644,,13.2705,13.8226,3.46049,-0.305403,-0.424018,-0.852607
1129,1087,0.276022,0.0892486,,13.0802,15.2749,4.16024,-0.9079,-0.0673843,0.413736
1130,1087,0.20488,0.0833274,,13.1219,15.312,4.05079,-0.815599,0.271379,-0.51103
1131,1088,0.309348,0.0658867,,13.3632,15.7203,4.28399,-0.359788,0.480041,0.800071
1132,1088,0.193613,0.0898484,,13.405,15.7389,4.13644,-0.143583,0.958614,-0.245852
1133,1090,0.275083,0.136693,,13.3447,15.4187,3.08924,-0.47222,-0.168676,-0.865192
1134,1090,0.544675,0.126831,,13.5024,15.6322,3.03689,0.340753,0.698582,-0.629183
1135,1094,0.189337,0.0931452,,16.0591,15.7853,3.92224,0.245067,0.882026,0.402458
1136,1094,0.581621,0.104145,,16.254,15.7296,3.69374,0.749801,0.0955935,-0.654722
1137,1096,0.436634,0.0838416,,15.3028,16.0683,3.55099,-0.552636,0.828842,-0.0872585
1138,1096,0.484889,0.109166,,15.4651,15.9709,3.34629,0.172204,0.344408,-0.922891
1139,1098,0.935171,0.11376,,20.6016,5.49376,8.80599,0.0594556,-0.65494,-0.753339
1140,1098,0.471445,0.161086,,20.7315,5.94384,9.05829,0.66922,0.610209,-0.424017
1141,1100,1.07879,0.0808971,,12.1522,3.9904,7.79689,0.43864,-0.877429,-0.194199
1142,1100,1.02745,0.0811449,,11.6929,4.11104,7.60174,-0.433598,-0.686438,-0.583777
1143,1102,0.509172,0.0780576,,10.3333,5.34992,7.23994,0.127657,-0.710801,0.691712
1144,1102,0.325705,0.132415,,10.2452,5.40096,6.98294,-0.341722,-0.797777,-0.496768
1145,1103,0.68373,0.0745436,,9.05726,5.88352,5.99284,-0.108523,-0.950083,-0.292514
1146,1103,0.0425805,0.0849513,,9.07581,6.19904,6.08804,-0.871308,-0.435878,-0.225459
1147,1104,0.0732326,0.0663568,,8.97841,6.21296,5.98809,0.380974,-0.887037,0.260815
1148,1104,0.816187,0.0704249,,8.71391,6.08768,5.69769,-0.613953,-0.386578,-0.6882
1149,1106,0.0854931,0.135919,,8.31486,7.77664,5.26459,-0.217556,-0.868371,-0.445647
1150,1106,0.437383,0.0964069,,8.18961,7.7952,5.11224,-0.615248,-0.084868,-0.783752
1151,1109,0.953745,0.072256,,7.94831,10.2358,2.87029,-0.593555,-0.447604,-0.668837
1152,1109,0.530986,0.078584,,8.25921,10.5096,2.93219,0.104898,0.227124,-0.9682
1153,1111,0.662367,0.0288621,,12.31,9.54448,5.80244,0.574455,-0.462342,0.675457
1154,1111,0.254194,0.0363271,,12.1615,9.7904,5.65489,0.328489,0.730148,0.599148
1155,1113,0.31464,0.0924493,,11.9806,10.7509,4.85044,0.766907,-0.0883537,0.635647
1156,1113,0.620795,0.107132,,12.0919,10.9365,4.63624,0.747429,0.553162,-0.367916
1157,1116,0.194408,0.100101,,9.98991,11.0525,2.50379,-0.0478388,-0.954696,-0.293713
1158,1116,0.271011,0.143769,,9.92961,11.1917,2.42284,-0.479316,0.342422,-0.808086
1159,1120,1.23888,0.104687,,22.1049,8.05968,7.28759,-0.179758,-0.981276,0.0691756
1160,1120,0.27475,0.091583,,22.2627,8.68144,7.11619,0.337762,0.101331,-0.935761
1161,1123,0.473997,0.0848625,,13.9804,13.2704,4.43159,0.411183,-0.665826,0.622578
1162,1123,1.08124,0.087363,,13.8133,12.941,4.06029,-0.128741,-0.901184,-0.413875
1163,1128,0.572468,0.0481666,,13.1776,13.456,3.08924,-0.0323168,-0.875507,-0.482123
1164,1128,0.953902,0.0652806,,12.9503,13.7066,2.81314,-0.496173,0,-0.868224
1165,1132,0.27562,0.0648598,,13.4654,15.9477,4.10789,0.538787,0.841737,-0.0344678
1166,1132,0.178778,0.0701516,,13.3447,15.8874,4.06029,-0.51908,0.622557,-0.585643
1167,1133,0.197569,0.0763208,,13.3122,15.3027,2.96074,0.328997,-0.939421,-0.0961693
1168,1133,0.222729,0.120203,,13.2055,15.4141,2.88934,-0.666732,0.16657,-0.726445
1169,1134,0.0382968,0.107747,,13.5952,15.841,2.86079,0,0.968744,-0.248063
1170,1134,0.25104,0.070201,,13.6973,15.7575,2.83219,0.813421,-0.517448,-0.265695
1171,1136,0.781284,0.063384,,16.8014,15.7713,3.29389,0.843355,0.0357114,-0.536169
1172,1136,0.359605,0.0735444,,16.5184,15.841,3.35104,0.258061,0.464679,-0.847041
1173,1138,0.322814,0.0681829,,15.6229,16.1054,3.02259,0.718682,0.316283,-0.619243
1174,1138,0.494845,0.0751335,,15.4466,16.1797,2.91789,-0.243712,0.506423,-0.827128
1175,1139,0.146364,0.088626,,20.6016,5.12256,8.43469,-0.379883,-0.887652,-0.260312
1176,1139,0.279805,0.0639651,,20.7269,5.1968,8.35379,0.69656,0.0663318,-0.714426
1177,1140,0.734445,0.0880724,,21.1537,6.3104,9.08209,0.720136,0.6065,0.33699
1178,1140,0.363946,0.140492,,21.0099,6.18512,8.86314,0.663013,0.535465,-0.523155
1179,1142,0.0771218,0.058752,,11.4794,3.72128,7.29709,0.241171,-0.962633,-0.123182
1180,1142,0.0607509,0.0643884,,11.4469,3.76304,7.28279,-0.763775,0.152754,-0.627147
1181,1144,1.08567,0.0760255,,10.2776,4.74672,6.79254,0.162388,-0.965888,-0.201718
1182,1144,0.695058,0.0832935,,9.95748,5.14112,6.67829,-0.667627,-0.373839,-0.643831
1183,1146,0.0162715,0.0617192,,9.05261,6.18512,6.08804,-0.571507,-0.570335,0.589998
1184,1146,0.0680628,0.04927,,9.02941,6.1944,6.06424,-0.818353,0.136341,-0.55831
1185,1146,0.0501173,0.0502458,,9.04336,6.1712,6.07374,-0.554691,-0.74067,-0.379112
1186,1146,0.0162126,0.0594287,,9.05261,6.18512,6.07849,-0.573582,-0.572406,-0.585965
1187,1146,0.0384486,0.0558563,,9.04336,6.19904,6.07374,-0.723034,0.482721,-0.494168
1188,1149,0.486971,0.121185,,8.20816,7.54,5.14559,-0.400025,-0.819434,-0.410497
1189,1149,0.233777,0.0687929,,8.20816,7.75808,5.18364,-0.833275,0.158783,-0.529566
1190,1151,0.348387,0.0423831,,7.56781,9.88784,2.49899,-0.559435,-0.772474,-0.300528
1191,1151,0.333236,0.0536256,,7.60961,10.0224,2.39429,-0.333997,0,-0.942574
1192,1152,0.137706,0.0454488,,8.34736,10.5467,2.65134,0.875778,-0.336944,-0.345663
1193,1152,0.813575,0.0443939,,8.14321,10.672,2.30859,-0.353624,0.250992,-0.901084
1194,1155,0.154355,0.0773116,,12.1105,10.7648,5.02184,0.119856,0.360205,0.925142
1195,1155,0.258239,0.0710621,,12.1847,10.6396,4.96469,0.646687,-0.754729,0.110363
1196,1156,0.350667,0.049717,,12.4167,11.252,4.48394,0.529276,0.820151,-0.2173
1197,1156,0.198266,0.0575841,,12.3657,11.0479,4.45539,0.42115,-0.608776,-0.672327
1198,1158,0.352339,0.104526,,9.73936,11.2334,2.18959,-0.711246,-0.0263957,-0.702448
1199,1158,0.386702,0.0917591,,9.98068,11.2845,2.16579,0.600048,0.239979,-0.763121
1200,1163,0.367242,0.0332286,,13.173,13.0384,2.87504,0.0250519,-0.909483,-0.414985
1201,1163,0.030936,0.0291093,,13.1544,13.2101,2.94644,-0.901854,0.300597,-0.310323
1202,1168,0.177591,0.0981483,,13.0477,15.4512,2.83224,-0.940362,0.20947,0.268032
1203,1168,0.679927,0.0924654,,12.9966,15.3909,2.49904,-0.395778,-0.122807,-0.910098
1204,1169,0.354264,0.0759612,,13.6602,16.0172,2.90364,0.366958,0.890577,0.268726
1205,1169,0.647085,0.0813496,,13.6741,15.9894,2.57044,0.243864,0.401648,-0.882728
1206,1174,0.109588,0.0502533,,15.3538,16.3468,2.72749,-0.593135,0.761943,0.260065
1207,1174,0.631186,0.0530026,,15.377,16.4164,2.41809,-0.0294691,0.352828,-0.935224
1208,1178,1.53374,0.0955563,,21.5621,6.90432,8.64419,0.562676,0.810775,-0.16137
1209,1178,0.823573,0.0772617,,21.3719,6.264,8.43474,0.585862,-0.0450717,-0.809157
1210,1183,0.0228155,0.0475893,,9.03871,6.17584,6.08804,-0.810866,-0.40675,-0.420774
1211,1183,0.0384987,0.0487459,,9.03871,6.16656,6.08329,-0.480544,-0.723144,-0.496125
1212,1186,0.0161559,0.0453601,,9.04336,6.17584,6.06899,-0.569456,-0.574414,-0.588021
1213,1186,0.0439272,0.0415758,,9.03406,6.18976,6.05949,-0.632878,0.422516,-0.648803
1214,1186,0.0436915,0.0465918,,9.03406,6.1944,6.06424,-0.636292,0.637198,-0.434869
1215,1188,0.062463,0.125257,,8.09216,7.31728,5.03609,-0.595552,-0.742841,-0.305784
1216,1188,0.070654,0.120355,,8.12001,7.32192,5.01704,0.261844,-0.525376,-0.809579
1217,1196,0.101806,0.0514696,,12.5419,11.4051,4.48394,0.63749,0.182705,0.748482
1218,1196,0.119007,0.0500494,,12.5512,11.4144,4.40774,0.701646,0.312586,-0.640298
1219,1202,0.190396,0.0548696,,12.8993,15.4002,2.85604,-0.682261,-0.731108,0
1220,1202,0.0650015,0.0741799,,12.9503,15.4976,2.86554,-0.427676,0.855367,0.292302
1221,1203,0.422521,0.0515246,,12.7182,15.2563,2.06584,-0.680911,-0.439268,-0.586006
1222,1203,0.610977,0.0442366,,12.8018,15.4651,1.91354,-0.197388,0.37972,-0.903798
1223,1205,0.783498,0.0320632,,13.6463,16.1844,1.91354,-0.272368,0.165795,-0.947801
1224,1205,0.933474,0.036856,,14.0129,16.3328,1.96114,0.556738,0.457217,-0.693539
1225,1208,0.111847,0.063074,,22.0215,7.53536,8.56804,0.497988,0.16594,0.851159
1226,1208,0.464255,0.0611427,,22.1235,7.71632,8.49184,0.559606,0.819549,-0.123209
1227,1210,0.0162129,0.0332335,,9.02481,6.16656,6.07849,-0.573632,-0.572367,-0.585955
1228,1210,0.0439902,0.0297681,,9.01551,6.18048,6.06899,-0.634226,0.421921,-0.647873
1229,1210,0.0324258,0.0337235,,9.02016,6.18048,6.07374,-0.573602,0.572396,-0.585955
1230,1212,0.0162129,0.0332714,,9.03411,6.16656,6.05949,-0.573632,-0.572367,-0.585955
1231,1212,0.0440552,0.0291967,,9.02481,6.18048,6.04994,-0.633291,0.421299,-0.649191
1232,1212,0.0437547,0.0339711,,9.02481,6.18512,6.05474,-0.63764,0.636278,-0.434241
1233,1215,0.139418,0.0967784,,8.05036,7.2616,5.08369,-0.332813,-0.465938,0.81984
1234,1215,0.984874,0.0880474,,7.83231,6.9368,4.78854,-0.48991,-0.725534,-0.48331
1235,1221,0.106341,0.0253858,,12.5234,15.1681,1.95634,-0.959177,0.0874563,0.268945
1236,1221,0.70294,0.0345616,,12.4584,15.0568,1.62789,-0.330043,-0.303582,-0.893817
1237,1227,0.0132939,0.0232003,,9.01551,6.16192,6.06899,-0.699516,0,-0.714617
1238,1227,0.0485813,0.02326,,9.00626,6.17584,6.05949,-0.572228,0.573062,-0.586647
1239,1230,0.0308993,0.0172437,,9.01551,6.15728,6.04999,-0.902924,-0.300337,-0.307451
1240,1230,0.0338114,0.0162402,,9.01551,6.16192,6.04519,-0.825157,0,-0.564903
1241,1230,0.0132945,0.0232003,,9.02481,6.16192,6.04999,-0.699553,0,-0.714581
1242,1230,0.0437982,0.0232002,,9.01551,6.17584,6.04519,-0.637006,0.635645,-0.436095
1243,1237,0.0280959,0.0123734,,9.00161,6.16656,6.05474,-0.658472,0.330288,-0.676258
1244,1237,0.0323687,0.0154668,,9.00161,6.1712,6.05474,-0.571549,0.573391,-0.586988
1245,1241,0.043401,0.0129921,,9.01086,6.16656,6.02619,-0.42855,0.213814,-0.877854
1246,1241,0.0279746,0.0154668,,9.01086,6.1712,6.04044,-0.664872,0.663458,-0.343175
